"","p_id","aoi","cond1","time","cond","age","gender","familiarity","ownARobo","ICA","manipulation","AAP","ica"
"1","P01","arm 1","human",0.000813021929526784,"low",21,"f",-1,1,1,-1,1,"MEDIUM"
"2","P01","arm 1","robot",0.00823460006882651,"low",21,"f",-1,1,1,-1,1,"MEDIUM"
"3","P01","arm 2","human",0.00724081743499219,"low",21,"f",-1,1,1,-1,1,"MEDIUM"
"4","P01","arm 2","robot",0.00139189322058896,"low",21,"f",-1,1,1,-1,1,"MEDIUM"
"5","P01","brown toy","human",0.000482218203737191,"low",21,"f",-1,1,1,-1,1,"MEDIUM"
"6","P01","brown toy","robot",0,"low",21,"f",-1,1,1,-1,1,"MEDIUM"
"7","P01","green toy","human",0.000494273658830621,"low",21,"f",-1,1,1,-1,1,"MEDIUM"
"8","P01","green toy","robot",0,"low",21,"f",-1,1,1,-1,1,"MEDIUM"
"9","P01","hand 1","human",0.000833389911059814,"low",21,"f",-1,1,1,-1,1,"MEDIUM"
"10","P01","hand 1","robot",0.000530025564131557,"low",21,"f",-1,1,1,-1,1,"MEDIUM"
"11","P01","hand 2","human",0.00600855455224387,"low",21,"f",-1,1,1,-1,1,"MEDIUM"
"12","P01","hand 2","robot",0.000393294331645445,"low",21,"f",-1,1,1,-1,1,"MEDIUM"
"13","P01","head","human",0.0171464457872225,"low",21,"f",-1,1,1,-1,1,"MEDIUM"
"14","P01","head","robot",0.0114285802074628,"low",21,"f",-1,1,1,-1,1,"MEDIUM"
"15","P01","leg 1","human",0.0165778396360921,"low",21,"f",-1,1,1,-1,1,"MEDIUM"
"16","P01","leg 1","robot",0.0641730372154761,"low",21,"f",-1,1,1,-1,1,"MEDIUM"
"17","P01","leg 2","human",0.00685263796240146,"low",21,"f",-1,1,1,-1,1,"MEDIUM"
"18","P01","leg 2","robot",0.0129541320485719,"low",21,"f",-1,1,1,-1,1,"MEDIUM"
"19","P01","speaker 1","human",0.0470259683737125,"low",21,"f",-1,1,1,-1,1,"MEDIUM"
"20","P01","speaker 1","robot",0.00711105614642592,"low",21,"f",-1,1,1,-1,1,"MEDIUM"
"21","P01","speaker 2","human",0,"low",21,"f",-1,1,1,-1,1,"MEDIUM"
"22","P01","speaker 2","robot",0.000448305713579025,"low",21,"f",-1,1,1,-1,1,"MEDIUM"
"23","P01","torso","human",0.0189642881390454,"low",21,"f",-1,1,1,-1,1,"MEDIUM"
"24","P01","torso","robot",0.0214837028661324,"low",21,"f",-1,1,1,-1,1,"MEDIUM"
"25","P02","arm 1","human",0.00180256636567316,"low",21,"f",-1,1,-3,1,2,"MEDIUM"
"26","P02","arm 1","robot",0.00958654933385773,"low",21,"f",-1,1,-3,1,2,"MEDIUM"
"27","P02","arm 2","human",0.0206378572883427,"low",21,"f",-1,1,-3,1,2,"MEDIUM"
"28","P02","arm 2","robot",0.000675974632515609,"low",21,"f",-1,1,-3,1,2,"MEDIUM"
"29","P02","brown toy","human",0.191880650994575,"low",21,"f",-1,1,-3,1,2,"MEDIUM"
"30","P02","brown toy","robot",0.147768767849857,"low",21,"f",-1,1,-3,1,2,"MEDIUM"
"31","P02","green toy","human",0,"low",21,"f",-1,1,-3,1,2,"MEDIUM"
"32","P02","green toy","robot",0,"low",21,"f",-1,1,-3,1,2,"MEDIUM"
"33","P02","hand 1","human",0.017104012492362,"low",21,"f",-1,1,-3,1,2,"MEDIUM"
"34","P02","hand 1","robot",0.0803426576864461,"low",21,"f",-1,1,-3,1,2,"MEDIUM"
"35","P02","hand 2","human",0.044812954036255,"low",21,"f",-1,1,-3,1,2,"MEDIUM"
"36","P02","hand 2","robot",0.0116728528587582,"low",21,"f",-1,1,-3,1,2,"MEDIUM"
"37","P02","head","human",0.471810713558286,"low",21,"f",-1,1,-3,1,2,"MEDIUM"
"38","P02","head","robot",0.229749950838209,"low",21,"f",-1,1,-3,1,2,"MEDIUM"
"39","P02","leg 1","human",0.033997555842216,"low",21,"f",-1,1,-3,1,2,"MEDIUM"
"40","P02","leg 1","robot",0.199165171328843,"low",21,"f",-1,1,-3,1,2,"MEDIUM"
"41","P02","leg 2","human",0.0313280776228017,"low",21,"f",-1,1,-3,1,2,"MEDIUM"
"42","P02","leg 2","robot",0.104663917703161,"low",21,"f",-1,1,-3,1,2,"MEDIUM"
"43","P02","speaker 1","human",0.105266212099231,"low",21,"f",-1,1,-3,1,2,"MEDIUM"
"44","P02","speaker 1","robot",0.0220945152114766,"low",21,"f",-1,1,-3,1,2,"MEDIUM"
"45","P02","speaker 2","human",0,"low",21,"f",-1,1,-3,1,2,"MEDIUM"
"46","P02","speaker 2","robot",0.0089622495671531,"low",21,"f",-1,1,-3,1,2,"MEDIUM"
"47","P02","torso","human",0.0734673093896395,"low",21,"f",-1,1,-3,1,2,"MEDIUM"
"48","P02","torso","robot",0.170909431689691,"low",21,"f",-1,1,-3,1,2,"MEDIUM"
"49","P03","arm 1","human",0.0254514902573155,"low",20,"f",0,1,-3,-1,1,"MEDIUM"
"50","P03","arm 1","robot",0.00159929452829261,"low",20,"f",0,1,-3,-1,1,"MEDIUM"
"51","P03","arm 2","human",0.0405136126009912,"low",20,"f",0,1,-3,-1,1,"MEDIUM"
"52","P03","arm 2","robot",0.039102059879062,"low",20,"f",0,1,-3,-1,1,"MEDIUM"
"53","P03","brown toy","human",0.178053044002411,"low",20,"f",0,1,-3,-1,1,"MEDIUM"
"54","P03","brown toy","robot",0.127532129742962,"low",20,"f",0,1,-3,-1,1,"MEDIUM"
"55","P03","green toy","human",0.00853526220614828,"low",20,"f",0,1,-3,-1,1,"MEDIUM"
"56","P03","green toy","robot",0.00417941656466748,"low",20,"f",0,1,-3,-1,1,"MEDIUM"
"57","P03","hand 1","human",0.0211962794487066,"low",20,"f",0,1,-3,-1,1,"MEDIUM"
"58","P03","hand 1","robot",0.0104284450125363,"low",20,"f",0,1,-3,-1,1,"MEDIUM"
"59","P03","hand 2","human",0.032244212098581,"low",20,"f",0,1,-3,-1,1,"MEDIUM"
"60","P03","hand 2","robot",0.0306124330170591,"low",20,"f",0,1,-3,-1,1,"MEDIUM"
"61","P03","head","human",0.0766769638128861,"low",20,"f",0,1,-3,-1,1,"MEDIUM"
"62","P03","head","robot",0.229656236173246,"low",20,"f",0,1,-3,-1,1,"MEDIUM"
"63","P03","leg 1","human",0.0132850159549189,"low",20,"f",0,1,-3,-1,1,"MEDIUM"
"64","P03","leg 1","robot",0.0164384740179932,"low",20,"f",0,1,-3,-1,1,"MEDIUM"
"65","P03","leg 2","human",0.0184354154032747,"low",20,"f",0,1,-3,-1,1,"MEDIUM"
"66","P03","leg 2","robot",0.134548141684283,"low",20,"f",0,1,-3,-1,1,"MEDIUM"
"67","P03","speaker 1","human",0.248237342231249,"low",20,"f",0,1,-3,-1,1,"MEDIUM"
"68","P03","speaker 1","robot",0.0491474462033144,"low",20,"f",0,1,-3,-1,1,"MEDIUM"
"69","P03","speaker 2","human",0.0272450311910634,"low",20,"f",0,1,-3,-1,1,"MEDIUM"
"70","P03","speaker 2","robot",0.00757482067771457,"low",20,"f",0,1,-3,-1,1,"MEDIUM"
"71","P03","torso","human",0.144675470160907,"low",20,"f",0,1,-3,-1,1,"MEDIUM"
"72","P03","torso","robot",0.273755899414975,"low",20,"f",0,1,-3,-1,1,"MEDIUM"
"73","P04","arm 1","human",0.13800495620884,"low",21,"m",1,1,1,0,1,"MEDIUM"
"74","P04","arm 1","robot",0.0115038592006293,"low",21,"m",1,1,1,0,1,"MEDIUM"
"75","P04","arm 2","human",0.00720856813089823,"low",21,"m",1,1,1,0,1,"MEDIUM"
"76","P04","arm 2","robot",0.00652161889779264,"low",21,"m",1,1,1,0,1,"MEDIUM"
"77","P04","brown toy","human",0.128577456298975,"low",21,"m",1,1,1,0,1,"MEDIUM"
"78","P04","brown toy","robot",0.218869849041208,"low",21,"m",1,1,1,0,1,"MEDIUM"
"79","P04","green toy","human",0,"low",21,"m",1,1,1,0,1,"MEDIUM"
"80","P04","green toy","robot",0.00469451244390045,"low",21,"m",1,1,1,0,1,"MEDIUM"
"81","P04","hand 1","human",0.0488780636838889,"low",21,"m",1,1,1,0,1,"MEDIUM"
"82","P04","hand 1","robot",0.0528320264490438,"low",21,"m",1,1,1,0,1,"MEDIUM"
"83","P04","hand 2","human",0.016610088940186,"low",21,"m",1,1,1,0,1,"MEDIUM"
"84","P04","hand 2","robot",0.0145534265768645,"low",21,"m",1,1,1,0,1,"MEDIUM"
"85","P04","head","human",0.0306079842487609,"low",21,"m",1,1,1,0,1,"MEDIUM"
"86","P04","head","robot",0.20408595939236,"low",21,"m",1,1,1,0,1,"MEDIUM"
"87","P04","leg 1","human",0.0856880983094575,"low",21,"m",1,1,1,0,1,"MEDIUM"
"88","P04","leg 1","robot",0.146812472346492,"low",21,"m",1,1,1,0,1,"MEDIUM"
"89","P04","leg 2","human",0.00927835051546392,"low",21,"m",1,1,1,0,1,"MEDIUM"
"90","P04","leg 2","robot",0.0624431566786294,"low",21,"m",1,1,1,0,1,"MEDIUM"
"91","P04","speaker 1","human",0.142441607427825,"low",21,"m",1,1,1,0,1,"MEDIUM"
"92","P04","speaker 1","robot",0.0263843371258966,"low",21,"m",1,1,1,0,1,"MEDIUM"
"93","P04","speaker 2","human",0.0322646162773829,"low",21,"m",1,1,1,0,1,"MEDIUM"
"94","P04","speaker 2","robot",0.000158452881523621,"low",21,"m",1,1,1,0,1,"MEDIUM"
"95","P04","torso","human",0.159545794011813,"low",21,"m",1,1,1,0,1,"MEDIUM"
"96","P04","torso","robot",0.235758443537683,"low",21,"m",1,1,1,0,1,"MEDIUM"
"97","P05","arm 1","human",0.00590841197637314,"low",22,"m",1,1,0,0,-2,"MEDIUM"
"98","P05","arm 1","robot",0.000493154220539796,"low",22,"m",1,1,0,0,-2,"MEDIUM"
"99","P05","arm 2","human",0.00597800257994433,"low",22,"m",1,1,0,0,-2,"MEDIUM"
"100","P05","arm 2","robot",0.00510668108745883,"low",22,"m",1,1,0,0,-2,"MEDIUM"
"101","P05","brown toy","human",0.218890898131404,"low",22,"m",1,1,0,0,-2,"MEDIUM"
"102","P05","brown toy","robot",0.185238168094655,"low",22,"m",1,1,0,0,-2,"MEDIUM"
"103","P05","green toy","human",0.0566365280289331,"low",22,"m",1,1,0,0,-2,"MEDIUM"
"104","P05","green toy","robot",0.010406466748266,"low",22,"m",1,1,0,0,-2,"MEDIUM"
"105","P05","hand 1","human",0.0253089143865843,"low",22,"m",1,1,0,0,-2,"MEDIUM"
"106","P05","hand 1","robot",0.0282603485571014,"low",22,"m",1,1,0,0,-2,"MEDIUM"
"107","P05","hand 2","human",0.0591621970262747,"low",22,"m",1,1,0,0,-2,"MEDIUM"
"108","P05","hand 2","robot",0.0268070030971929,"low",22,"m",1,1,0,0,-2,"MEDIUM"
"109","P05","head","human",0.397068707991038,"low",22,"m",1,1,0,0,-2,"MEDIUM"
"110","P05","head","robot",0.485480372154761,"low",22,"m",1,1,0,0,-2,"MEDIUM"
"111","P05","leg 1","human",0.0244161178627198,"low",22,"m",1,1,0,0,-2,"MEDIUM"
"112","P05","leg 1","robot",0.021706467233666,"low",22,"m",1,1,0,0,-2,"MEDIUM"
"113","P05","leg 2","human",0.0102001212856277,"low",22,"m",1,1,0,0,-2,"MEDIUM"
"114","P05","leg 2","robot",0.0699126763679268,"low",22,"m",1,1,0,0,-2,"MEDIUM"
"115","P05","speaker 1","human",0.0942695488176411,"low",22,"m",1,1,0,0,-2,"MEDIUM"
"116","P05","speaker 1","robot",0.0568807197625526,"low",22,"m",1,1,0,0,-2,"MEDIUM"
"117","P05","speaker 2","human",0.0429348614536486,"low",22,"m",1,1,0,0,-2,"MEDIUM"
"118","P05","speaker 2","robot",0.0142916769725451,"low",22,"m",1,1,0,0,-2,"MEDIUM"
"119","P05","torso","human",0.0859019621155543,"low",22,"m",1,1,0,0,-2,"MEDIUM"
"120","P05","torso","robot",0.100558908116612,"low",22,"m",1,1,0,0,-2,"MEDIUM"
"121","P06","arm 1","human",5.77092810102519e-05,"low",19,"f",-1,1,-2,-1,-5,"MEDIUM"
"122","P06","arm 1","robot",0.00145795437785753,"low",19,"f",-1,1,-2,-1,-5,"MEDIUM"
"123","P06","arm 2","human",0.0210010862923484,"low",19,"f",-1,1,-2,-1,-5,"MEDIUM"
"124","P06","arm 2","robot",0.0866568752765351,"low",19,"f",-1,1,-2,-1,-5,"MEDIUM"
"125","P06","brown toy","human",0.10620253164557,"low",19,"f",-1,1,-2,-1,-5,"MEDIUM"
"126","P06","brown toy","robot",0.219616993064055,"low",19,"f",-1,1,-2,-1,-5,"MEDIUM"
"127","P06","green toy","human",0.0118143459915612,"low",19,"f",-1,1,-2,-1,-5,"MEDIUM"
"128","P06","green toy","robot",0,"low",19,"f",-1,1,-2,-1,-5,"MEDIUM"
"129","P06","hand 1","human",0.0217071763188268,"low",19,"f",-1,1,-2,-1,-5,"MEDIUM"
"130","P06","hand 1","robot",0.100242429084116,"low",19,"f",-1,1,-2,-1,-5,"MEDIUM"
"131","P06","hand 2","human",0.0435840858170955,"low",19,"f",-1,1,-2,-1,-5,"MEDIUM"
"132","P06","hand 2","robot",0.00154706012487095,"low",19,"f",-1,1,-2,-1,-5,"MEDIUM"
"133","P06","head","human",0.107631203747709,"low",19,"f",-1,1,-2,-1,-5,"MEDIUM"
"134","P06","head","robot",0.0245255887124527,"low",19,"f",-1,1,-2,-1,-5,"MEDIUM"
"135","P06","leg 1","human",0.0440186027564668,"low",19,"f",-1,1,-2,-1,-5,"MEDIUM"
"136","P06","leg 1","robot",0.18414470773315,"low",19,"f",-1,1,-2,-1,-5,"MEDIUM"
"137","P06","leg 2","human",0.0466533830026856,"low",19,"f",-1,1,-2,-1,-5,"MEDIUM"
"138","P06","leg 2","robot",0.116410513249103,"low",19,"f",-1,1,-2,-1,-5,"MEDIUM"
"139","P06","speaker 1","human",0.128724793268533,"low",19,"f",-1,1,-2,-1,-5,"MEDIUM"
"140","P06","speaker 1","robot",0.0533870269601781,"low",19,"f",-1,1,-2,-1,-5,"MEDIUM"
"141","P06","speaker 2","human",0,"low",19,"f",-1,1,-2,-1,-5,"MEDIUM"
"142","P06","speaker 2","robot",0,"low",19,"f",-1,1,-2,-1,-5,"MEDIUM"
"143","P06","torso","human",0.149017244891031,"low",19,"f",-1,1,-2,-1,-5,"MEDIUM"
"144","P06","torso","robot",0.195041726070498,"low",19,"f",-1,1,-2,-1,-5,"MEDIUM"
"145","P07","arm 1","human",0.0149976237354878,"low",18,"f",0,1,-10,-1,-4,"LOW"
"146","P07","arm 1","robot",0.00121521803254511,"low",18,"f",0,1,-10,-1,-4,"LOW"
"147","P07","arm 2","human",0.0153795233892321,"low",18,"f",0,1,-10,-1,-4,"LOW"
"148","P07","arm 2","robot",0.0148652966914114,"low",18,"f",0,1,-10,-1,-4,"LOW"
"149","P07","brown toy","human",0.125479204339964,"low",18,"f",0,1,-10,-1,-4,"LOW"
"150","P07","brown toy","robot",0.285740514075887,"low",18,"f",0,1,-10,-1,-4,"LOW"
"151","P07","green toy","human",0.00652200120554551,"low",18,"f",0,1,-10,-1,-4,"LOW"
"152","P07","green toy","robot",0.0129462464300286,"low",18,"f",0,1,-10,-1,-4,"LOW"
"153","P07","hand 1","human",0.0250746825989544,"low",18,"f",0,1,-10,-1,-4,"LOW"
"154","P07","hand 1","robot",0.0912396760237943,"low",18,"f",0,1,-10,-1,-4,"LOW"
"155","P07","hand 2","human",0.0259725711182022,"low",18,"f",0,1,-10,-1,-4,"LOW"
"156","P07","hand 2","robot",0.0110598667715452,"low",18,"f",0,1,-10,-1,-4,"LOW"
"157","P07","head","human",0.157261185416525,"low",18,"f",0,1,-10,-1,-4,"LOW"
"158","P07","head","robot",0.199675224915196,"low",18,"f",0,1,-10,-1,-4,"LOW"
"159","P07","leg 1","human",0.0419207006585647,"low",18,"f",0,1,-10,-1,-4,"LOW"
"160","P07","leg 1","robot",0.0546141413893122,"low",18,"f",0,1,-10,-1,-4,"LOW"
"161","P07","leg 2","human",0.0208143463570995,"low",18,"f",0,1,-10,-1,-4,"LOW"
"162","P07","leg 2","robot",0.0730759303869033,"low",18,"f",0,1,-10,-1,-4,"LOW"
"163","P07","speaker 1","human",0.0501813433918468,"low",18,"f",0,1,-10,-1,-4,"LOW"
"164","P07","speaker 1","robot",0.0593425364828098,"low",18,"f",0,1,-10,-1,-4,"LOW"
"165","P07","speaker 2","human",0,"low",18,"f",0,1,-10,-1,-4,"LOW"
"166","P07","speaker 2","robot",0.035864457086322,"low",18,"f",0,1,-10,-1,-4,"LOW"
"167","P07","torso","human",0.204248421481431,"low",18,"f",0,1,-10,-1,-4,"LOW"
"168","P07","torso","robot",0.17579027579765,"low",18,"f",0,1,-10,-1,-4,"LOW"
"169","P12","arm 1","human",0.0012945045336172,"high",19,"f",-1,1,-4,2,0,"MEDIUM"
"170","P12","arm 1","robot",0.015233627432699,"high",19,"f",-1,1,-4,2,0,"MEDIUM"
"171","P12","arm 2","human",0.000456786128927885,"high",19,"f",-1,1,-4,2,0,"MEDIUM"
"172","P12","arm 2","robot",0.00124051701294495,"high",19,"f",-1,1,-4,2,0,"MEDIUM"
"173","P12","brown toy","human",0.102356841470766,"high",19,"f",-1,1,-4,2,0,"MEDIUM"
"174","P12","brown toy","robot",0.179385964912281,"high",19,"f",-1,1,-4,2,0,"MEDIUM"
"175","P12","green toy","human",0.0593248945147679,"high",19,"f",-1,1,-4,2,0,"MEDIUM"
"176","P12","green toy","robot",0,"high",19,"f",-1,1,-4,2,0,"MEDIUM"
"177","P12","hand 1","human",0.0156299131861371,"high",19,"f",-1,1,-4,2,0,"MEDIUM"
"178","P12","hand 1","robot",0.0386640887990343,"high",19,"f",-1,1,-4,2,0,"MEDIUM"
"179","P12","hand 2","human",0.0264010900354979,"high",19,"f",-1,1,-4,2,0,"MEDIUM"
"180","P12","hand 2","robot",0.0200259095325489,"high",19,"f",-1,1,-4,2,0,"MEDIUM"
"181","P12","head","human",0.530393708829086,"high",19,"f",-1,1,-4,2,0,"MEDIUM"
"182","P12","head","robot",0.293578557898972,"high",19,"f",-1,1,-4,2,0,"MEDIUM"
"183","P12","leg 1","human",0.00353920295303848,"high",19,"f",-1,1,-4,2,0,"MEDIUM"
"184","P12","leg 1","robot",0.0336715966749433,"high",19,"f",-1,1,-4,2,0,"MEDIUM"
"185","P12","leg 2","human",0.00021973997436367,"high",19,"f",-1,1,-4,2,0,"MEDIUM"
"186","P12","leg 2","robot",0.0123580618884516,"high",19,"f",-1,1,-4,2,0,"MEDIUM"
"187","P12","speaker 1","human",0.0316480487451037,"high",19,"f",-1,1,-4,2,0,"MEDIUM"
"188","P12","speaker 1","robot",0.017915390864213,"high",19,"f",-1,1,-4,2,0,"MEDIUM"
"189","P12","speaker 2","human",0.000580298853909764,"high",19,"f",-1,1,-4,2,0,"MEDIUM"
"190","P12","speaker 2","robot",0,"high",19,"f",-1,1,-4,2,0,"MEDIUM"
"191","P12","torso","human",0.0292481574154454,"high",19,"f",-1,1,-4,2,0,"MEDIUM"
"192","P12","torso","robot",0.122406838546318,"high",19,"f",-1,1,-4,2,0,"MEDIUM"
"193","P13","arm 1","human",0.002395118520349,"high",19,"f",-1,1,-8,2,-14,"LOW"
"194","P13","arm 1","robot",0.00195695484478816,"high",19,"f",-1,1,-8,2,-14,"LOW"
"195","P13","arm 2","human",0.00660817266515673,"high",19,"f",-1,1,-8,2,-14,"LOW"
"196","P13","arm 2","robot",0.0129959859852983,"high",19,"f",-1,1,-8,2,-14,"LOW"
"197","P13","brown toy","human",0.454647377938517,"high",19,"f",-1,1,-8,2,-14,"LOW"
"198","P13","brown toy","robot",0.144446144430845,"high",19,"f",-1,1,-8,2,-14,"LOW"
"199","P13","green toy","human",0.0592706449668475,"high",19,"f",-1,1,-8,2,-14,"LOW"
"200","P13","green toy","robot",0.0120384536923705,"high",19,"f",-1,1,-8,2,-14,"LOW"
"201","P13","hand 1","human",0.00671782076696972,"high",19,"f",-1,1,-8,2,-14,"LOW"
"202","P13","hand 1","robot",0.026455203007076,"high",19,"f",-1,1,-8,2,-14,"LOW"
"203","P13","hand 2","human",0.0279196098820323,"high",19,"f",-1,1,-8,2,-14,"LOW"
"204","P13","hand 2","robot",0.0291953323584545,"high",19,"f",-1,1,-8,2,-14,"LOW"
"205","P13","head","human",0.22544894381181,"high",19,"f",-1,1,-8,2,-14,"LOW"
"206","P13","head","robot",0.281504126878196,"high",19,"f",-1,1,-8,2,-14,"LOW"
"207","P13","leg 1","human",0.00210369813384373,"high",19,"f",-1,1,-8,2,-14,"LOW"
"208","P13","leg 1","robot",0.0422737577654991,"high",19,"f",-1,1,-8,2,-14,"LOW"
"209","P13","leg 2","human",0.0267570042116828,"high",19,"f",-1,1,-8,2,-14,"LOW"
"210","P13","leg 2","robot",0.105617657739001,"high",19,"f",-1,1,-8,2,-14,"LOW"
"211","P13","speaker 1","human",0.319926011896127,"high",19,"f",-1,1,-8,2,-14,"LOW"
"212","P13","speaker 1","robot",0.036961819658814,"high",19,"f",-1,1,-8,2,-14,"LOW"
"213","P13","speaker 2","human",0.100065283621065,"high",19,"f",-1,1,-8,2,-14,"LOW"
"214","P13","speaker 2","robot",0.0236393176279448,"high",19,"f",-1,1,-8,2,-14,"LOW"
"215","P13","torso","human",0.111634240582818,"high",19,"f",-1,1,-8,2,-14,"LOW"
"216","P13","torso","robot",0.248754085167774,"high",19,"f",-1,1,-8,2,-14,"LOW"
"217","P14","arm 1","human",0.000703328454388199,"high",17,"f",-1,1,-12,2,0,"LOW"
"218","P14","arm 1","robot",0.00569420863062232,"high",17,"f",-1,1,-12,2,0,"LOW"
"219","P14","arm 2","human",0.0158714147047068,"high",17,"f",-1,1,-12,2,0,"LOW"
"220","P14","arm 2","robot",0.00126701539850628,"high",17,"f",-1,1,-12,2,0,"LOW"
"221","P14","brown toy","human",0.128890898131404,"high",17,"f",-1,1,-12,2,0,"LOW"
"222","P14","brown toy","robot",0.13641370869033,"high",17,"f",-1,1,-12,2,0,"LOW"
"223","P14","green toy","human",0.0740506329113924,"high",17,"f",-1,1,-12,2,0,"LOW"
"224","P14","green toy","robot",0.0194639942880457,"high",17,"f",-1,1,-12,2,0,"LOW"
"225","P14","hand 1","human",0.00801148403855356,"high",17,"f",-1,1,-12,2,0,"LOW"
"226","P14","hand 1","robot",0.0589746106209455,"high",17,"f",-1,1,-12,2,0,"LOW"
"227","P14","hand 2","human",0.0393058194987271,"high",17,"f",-1,1,-12,2,0,"LOW"
"228","P14","hand 2","robot",0.0168971371929377,"high",17,"f",-1,1,-12,2,0,"LOW"
"229","P14","head","human",0.294588844065431,"high",17,"f",-1,1,-12,2,0,"LOW"
"230","P14","head","robot",0.344858822490259,"high",17,"f",-1,1,-12,2,0,"LOW"
"231","P14","leg 1","human",0.00810547542552464,"high",17,"f",-1,1,-12,2,0,"LOW"
"232","P14","leg 1","robot",0.138380457931359,"high",17,"f",-1,1,-12,2,0,"LOW"
"233","P14","leg 2","human",0.0155978758469145,"high",17,"f",-1,1,-12,2,0,"LOW"
"234","P14","leg 2","robot",0.0592474458500584,"high",17,"f",-1,1,-12,2,0,"LOW"
"235","P14","speaker 1","human",0.35372842013637,"high",17,"f",-1,1,-12,2,0,"LOW"
"236","P14","speaker 1","robot",0.130975442104605,"high",17,"f",-1,1,-12,2,0,"LOW"
"237","P14","speaker 2","human",0.117169592340055,"high",17,"f",-1,1,-12,2,0,"LOW"
"238","P14","speaker 2","robot",0.0238705242766981,"high",17,"f",-1,1,-12,2,0,"LOW"
"239","P14","torso","human",0.101964288753851,"high",17,"f",-1,1,-12,2,0,"LOW"
"240","P14","torso","robot",0.126649524501192,"high",17,"f",-1,1,-12,2,0,"LOW"
"241","P15","arm 1","human",0.00119946014788906,"high",19,"f",-2,1,-4,2,4,"MEDIUM"
"242","P15","arm 1","robot",0.00148783527818398,"high",19,"f",-2,1,-4,2,4,"MEDIUM"
"243","P15","arm 2","human",0.0120306046706382,"high",19,"f",-2,1,-4,2,4,"MEDIUM"
"244","P15","arm 2","robot",0.0183329571216865,"high",19,"f",-2,1,-4,2,4,"MEDIUM"
"245","P15","brown toy","human",0.15629294755877,"high",19,"f",-2,1,-4,2,4,"MEDIUM"
"246","P15","brown toy","robot",0.180191758465932,"high",19,"f",-2,1,-4,2,4,"MEDIUM"
"247","P15","green toy","human",0.0560156720916215,"high",19,"f",-2,1,-4,2,4,"MEDIUM"
"248","P15","green toy","robot",0.0164830681354549,"high",19,"f",-2,1,-4,2,4,"MEDIUM"
"249","P15","hand 1","human",0.00228142730193451,"high",19,"f",-2,1,-4,2,4,"MEDIUM"
"250","P15","hand 1","robot",0.0173240556269812,"high",19,"f",-2,1,-4,2,4,"MEDIUM"
"251","P15","hand 2","human",0.0197443436480333,"high",19,"f",-2,1,-4,2,4,"MEDIUM"
"252","P15","hand 2","robot",0.0849135858204195,"high",19,"f",-2,1,-4,2,4,"MEDIUM"
"253","P15","head","human",0.294023728063456,"high",19,"f",-2,1,-4,2,4,"MEDIUM"
"254","P15","head","robot",0.347121980901534,"high",19,"f",-2,1,-4,2,4,"MEDIUM"
"255","P15","leg 1","human",0.0124359149634288,"high",19,"f",-2,1,-4,2,4,"MEDIUM"
"256","P15","leg 1","robot",0.0483575908060416,"high",19,"f",-2,1,-4,2,4,"MEDIUM"
"257","P15","leg 2","human",0.0948251236037356,"high",19,"f",-2,1,-4,2,4,"MEDIUM"
"258","P15","leg 2","robot",0.167663136819997,"high",19,"f",-2,1,-4,2,4,"MEDIUM"
"259","P15","speaker 1","human",0.100058029885391,"high",19,"f",-2,1,-4,2,4,"MEDIUM"
"260","P15","speaker 1","robot",0.021927138661501,"high",19,"f",-2,1,-4,2,4,"MEDIUM"
"261","P15","speaker 2","human",0.00668794429131003,"high",19,"f",-2,1,-4,2,4,"MEDIUM"
"262","P15","speaker 2","robot",0.0553802412047741,"high",19,"f",-2,1,-4,2,4,"MEDIUM"
"263","P15","torso","human",0.071977395359921,"high",19,"f",-2,1,-4,2,4,"MEDIUM"
"264","P15","torso","robot",0.0883770229554533,"high",19,"f",-2,1,-4,2,4,"MEDIUM"
"265","P16","arm 1","human",0.00252057710951014,"high",27,"f",-2,1,-6,2,1,"MEDIUM"
"266","P16","arm 1","robot",0.00483939034084775,"high",27,"f",-2,1,-6,2,1,"MEDIUM"
"267","P16","arm 2","human",0.0019813098342247,"high",27,"f",-2,1,-6,2,1,"MEDIUM"
"268","P16","arm 2","robot",0.0146781427575987,"high",27,"f",-2,1,-6,2,1,"MEDIUM"
"269","P16","brown toy","human",0.141199517781796,"high",27,"f",-2,1,-6,2,1,"MEDIUM"
"270","P16","brown toy","robot",0.173005915952672,"high",27,"f",-2,1,-6,2,1,"MEDIUM"
"271","P16","green toy","human",0.000198915009041591,"high",27,"f",-2,1,-6,2,1,"MEDIUM"
"272","P16","green toy","robot",0.0288581191350469,"high",27,"f",-2,1,-6,2,1,"MEDIUM"
"273","P16","hand 1","human",0.00989985644951808,"high",27,"f",-2,1,-6,2,1,"MEDIUM"
"274","P16","hand 1","robot",0.0429646786334684,"high",27,"f",-2,1,-6,2,1,"MEDIUM"
"275","P16","hand 2","human",0.00287568575424002,"high",27,"f",-2,1,-6,2,1,"MEDIUM"
"276","P16","hand 2","robot",0.0217178805217238,"high",27,"f",-2,1,-6,2,1,"MEDIUM"
"277","P16","head","human",0.423983386951267,"high",27,"f",-2,1,-6,2,1,"MEDIUM"
"278","P16","head","robot",0.477440059670439,"high",27,"f",-2,1,-6,2,1,"MEDIUM"
"279","P16","leg 1","human",0.0222537425661358,"high",27,"f",-2,1,-6,2,1,"MEDIUM"
"280","P16","leg 1","robot",0.0366884869421844,"high",27,"f",-2,1,-6,2,1,"MEDIUM"
"281","P16","leg 2","human",0.000734297747665263,"high",27,"f",-2,1,-6,2,1,"MEDIUM"
"282","P16","leg 2","robot",0.0738892760052212,"high",27,"f",-2,1,-6,2,1,"MEDIUM"
"283","P16","speaker 1","human",0.085202379225301,"high",27,"f",-2,1,-6,2,1,"MEDIUM"
"284","P16","speaker 1","robot",0.0423014434793476,"high",27,"f",-2,1,-6,2,1,"MEDIUM"
"285","P16","speaker 2","human",0.0294501668359205,"high",27,"f",-2,1,-6,2,1,"MEDIUM"
"286","P16","speaker 2","robot",0.0420452415172155,"high",27,"f",-2,1,-6,2,1,"MEDIUM"
"287","P16","torso","human",0.00781119678632828,"high",27,"f",-2,1,-6,2,1,"MEDIUM"
"288","P16","torso","robot",0.0942164819958191,"high",27,"f",-2,1,-6,2,1,"MEDIUM"
"289","P17","arm 1","human",0.293689052787652,"high",19,"m",0,1,-7,2,-2,"LOW"
"290","P17","arm 1","robot",0.0255935147654893,"high",19,"m",0,1,-7,2,-2,"LOW"
"291","P17","arm 2","human",7.61310214879808e-05,"high",19,"m",0,1,-7,2,-2,"LOW"
"292","P17","arm 2","robot",0.000501506482290246,"high",19,"m",0,1,-7,2,-2,"LOW"
"293","P17","brown toy","human",0.0122905364677517,"high",19,"m",0,1,-7,2,-2,"LOW"
"294","P17","brown toy","robot",0.0879921460628315,"high",19,"m",0,1,-7,2,-2,"LOW"
"295","P17","green toy","human",0.000717299578059072,"high",19,"m",0,1,-7,2,-2,"LOW"
"296","P17","green toy","robot",0.0068390452876377,"high",19,"m",0,1,-7,2,-2,"LOW"
"297","P17","hand 1","human",0.0603100006835737,"high",19,"m",0,1,-7,2,-2,"LOW"
"298","P17","hand 1","robot",0.0637335243834218,"high",19,"m",0,1,-7,2,-2,"LOW"
"299","P17","hand 2","human",0.00414858904944602,"high",19,"m",0,1,-7,2,-2,"LOW"
"300","P17","hand 2","robot",0.0125729932380046,"high",19,"m",0,1,-7,2,-2,"LOW"
"301","P17","head","human",0.000532775025957889,"high",19,"m",0,1,-7,2,-2,"LOW"
"302","P17","head","robot",0.0764704150432316,"high",19,"m",0,1,-7,2,-2,"LOW"
"303","P17","leg 1","human",0.0560086130289152,"high",19,"m",0,1,-7,2,-2,"LOW"
"304","P17","leg 1","robot",0.277577458706682,"high",19,"m",0,1,-7,2,-2,"LOW"
"305","P17","leg 2","human",0.0240816700238052,"high",19,"m",0,1,-7,2,-2,"LOW"
"306","P17","leg 2","robot",0.0243117780416712,"high",19,"m",0,1,-7,2,-2,"LOW"
"307","P17","speaker 1","human",0.264565501233135,"high",19,"m",0,1,-7,2,-2,"LOW"
"308","P17","speaker 1","robot",0.0709648190964194,"high",19,"m",0,1,-7,2,-2,"LOW"
"309","P17","speaker 2","human",0,"high",19,"m",0,1,-7,2,-2,"LOW"
"310","P17","speaker 2","robot",0.0194900956070737,"high",19,"m",0,1,-7,2,-2,"LOW"
"311","P17","torso","human",0.0541898585507838,"high",19,"m",0,1,-7,2,-2,"LOW"
"312","P17","torso","robot",0.190407584426801,"high",19,"m",0,1,-7,2,-2,"LOW"
"313","P18","arm 1","human",0.0715056931587051,"high",22,"m",-1,1,-1,1,0,"MEDIUM"
"314","P18","arm 1","robot",0.0804039531665571,"high",22,"m",-1,1,-1,1,0,"MEDIUM"
"315","P18","arm 2","human",0.0138006509202337,"high",22,"m",-1,1,-1,1,0,"MEDIUM"
"316","P18","arm 2","robot",0.00328481838791674,"high",22,"m",-1,1,-1,1,0,"MEDIUM"
"317","P18","brown toy","human",0.0467510548523207,"high",22,"m",-1,1,-1,1,0,"MEDIUM"
"318","P18","brown toy","robot",0.164657282741738,"high",22,"m",-1,1,-1,1,0,"MEDIUM"
"319","P18","green toy","human",0.0135684147076552,"high",22,"m",-1,1,-1,1,0,"MEDIUM"
"320","P18","green toy","robot",0.00683394532843737,"high",22,"m",-1,1,-1,1,0,"MEDIUM"
"321","P18","hand 1","human",0.0187828969854399,"high",22,"m",-1,1,-1,1,0,"MEDIUM"
"322","P18","hand 1","robot",0.0407064273306312,"high",22,"m",-1,1,-1,1,0,"MEDIUM"
"323","P18","hand 2","human",0.0107085230736133,"high",22,"m",-1,1,-1,1,0,"MEDIUM"
"324","P18","hand 2","robot",0.0404453691617677,"high",22,"m",-1,1,-1,1,0,"MEDIUM"
"325","P18","head","human",0.0112206165211323,"high",22,"m",-1,1,-1,1,0,"MEDIUM"
"326","P18","head","robot",0.0304535149617736,"high",22,"m",-1,1,-1,1,0,"MEDIUM"
"327","P18","leg 1","human",0.0285938888509126,"high",22,"m",-1,1,-1,1,0,"MEDIUM"
"328","P18","leg 1","robot",0.127949908237072,"high",22,"m",-1,1,-1,1,0,"MEDIUM"
"329","P18","leg 2","human",0.00847097601171947,"high",22,"m",-1,1,-1,1,0,"MEDIUM"
"330","P18","leg 2","robot",0.0536091782556211,"high",22,"m",-1,1,-1,1,0,"MEDIUM"
"331","P18","speaker 1","human",0.0643841578412883,"high",22,"m",-1,1,-1,1,0,"MEDIUM"
"332","P18","speaker 1","robot",0.0369274511029182,"high",22,"m",-1,1,-1,1,0,"MEDIUM"
"333","P18","speaker 2","human",0.0144857101407225,"high",22,"m",-1,1,-1,1,0,"MEDIUM"
"334","P18","speaker 2","robot",0.00124976566893707,"high",22,"m",-1,1,-1,1,0,"MEDIUM"
"335","P18","torso","human",0.42797494425437,"high",22,"m",-1,1,-1,1,0,"MEDIUM"
"336","P18","torso","robot",0.240866399065687,"high",22,"m",-1,1,-1,1,0,"MEDIUM"
"337","P19","arm 1","human",0.0112836694736442,"high",34,"m",0,1,-2,2,6,"MEDIUM"
"338","P19","arm 1","robot",0.0410705347766775,"high",34,"m",0,1,-2,2,6,"MEDIUM"
"339","P19","arm 2","human",0.00572505281589616,"high",34,"m",0,1,-2,2,6,"MEDIUM"
"340","P19","arm 2","robot",0.000791025880089898,"high",34,"m",0,1,-2,2,6,"MEDIUM"
"341","P19","brown toy","human",0.173713080168776,"high",34,"m",0,1,-2,2,6,"MEDIUM"
"342","P19","brown toy","robot",0.255490106079151,"high",34,"m",0,1,-2,2,6,"MEDIUM"
"343","P19","green toy","human",0.0776732971669681,"high",34,"m",0,1,-2,2,6,"MEDIUM"
"344","P19","green toy","robot",0.0329202366381069,"high",34,"m",0,1,-2,2,6,"MEDIUM"
"345","P19","hand 1","human",0.0188410007519311,"high",34,"m",0,1,-2,2,6,"MEDIUM"
"346","P19","hand 1","robot",0.062344812695671,"high",34,"m",0,1,-2,2,6,"MEDIUM"
"347","P19","hand 2","human",0.0181236329735738,"high",34,"m",0,1,-2,2,6,"MEDIUM"
"348","P19","hand 2","robot",0.0474841255042054,"high",34,"m",0,1,-2,2,6,"MEDIUM"
"349","P19","head","human",0.0753119202028971,"high",34,"m",0,1,-2,2,6,"MEDIUM"
"350","P19","head","robot",0.0944196362851226,"high",34,"m",0,1,-2,2,6,"MEDIUM"
"351","P19","leg 1","human",0.010973067195297,"high",34,"m",0,1,-2,2,6,"MEDIUM"
"352","P19","leg 1","robot",0.0983620072036352,"high",34,"m",0,1,-2,2,6,"MEDIUM"
"353","P19","leg 2","human",0.0279454312396997,"high",34,"m",0,1,-2,2,6,"MEDIUM"
"354","P19","leg 2","robot",0.102828457303249,"high",34,"m",0,1,-2,2,6,"MEDIUM"
"355","P19","speaker 1","human",0.365950964746845,"high",34,"m",0,1,-2,2,6,"MEDIUM"
"356","P19","speaker 1","robot",0.218490283071924,"high",34,"m",0,1,-2,2,6,"MEDIUM"
"357","P19","speaker 2","human",0,"high",34,"m",0,1,-2,2,6,"MEDIUM"
"358","P19","speaker 2","robot",0.0269262013372493,"high",34,"m",0,1,-2,2,6,"MEDIUM"
"359","P19","torso","human",0.252428126436195,"high",34,"m",0,1,-2,2,6,"MEDIUM"
"360","P19","torso","robot",0.196870246238701,"high",34,"m",0,1,-2,2,6,"MEDIUM"
"361","P20","arm 1","human",0.00972113977227365,"high",20,"f",-1,1,-6,1,-2,"MEDIUM"
"362","P20","arm 1","robot",0.011414915646806,"high",20,"f",-1,1,-6,1,-2,"MEDIUM"
"363","P20","arm 2","human",0.000761310214879808,"high",20,"f",-1,1,-6,1,-2,"MEDIUM"
"364","P20","arm 2","robot",0.00710549301718469,"high",20,"f",-1,1,-6,1,-2,"MEDIUM"
"365","P20","brown toy","human",0.240572634116938,"high",20,"f",-1,1,-6,1,-2,"MEDIUM"
"366","P20","brown toy","robot",0.136798755609955,"high",20,"f",-1,1,-6,1,-2,"MEDIUM"
"367","P20","green toy","human",0.0229113924050633,"high",20,"f",-1,1,-6,1,-2,"MEDIUM"
"368","P20","green toy","robot",0,"high",20,"f",-1,1,-6,1,-2,"MEDIUM"
"369","P20","hand 1","human",0.00965718777770183,"high",20,"f",-1,1,-6,1,-2,"MEDIUM"
"370","P20","hand 1","robot",0.0242735025958604,"high",20,"f",-1,1,-6,1,-2,"MEDIUM"
"371","P20","hand 2","human",0.00961131628957654,"high",20,"f",-1,1,-6,1,-2,"MEDIUM"
"372","P20","hand 2","robot",0.00855799711462024,"high",20,"f",-1,1,-6,1,-2,"MEDIUM"
"373","P20","head","human",0.486146147168462,"high",20,"f",-1,1,-6,1,-2,"MEDIUM"
"374","P20","head","robot",0.271156998027342,"high",20,"f",-1,1,-6,1,-2,"MEDIUM"
"375","P20","leg 1","human",0.00827295098776403,"high",20,"f",-1,1,-6,1,-2,"MEDIUM"
"376","P20","leg 1","robot",0.0498336490239761,"high",20,"f",-1,1,-6,1,-2,"MEDIUM"
"377","P20","leg 2","human",0.0172111334920344,"high",20,"f",-1,1,-6,1,-2,"MEDIUM"
"378","P20","leg 2","robot",0.0273002070799761,"high",20,"f",-1,1,-6,1,-2,"MEDIUM"
"379","P20","speaker 1","human",0,"high",20,"f",-1,1,-6,1,-2,"MEDIUM"
"380","P20","speaker 1","robot",0.000124976566893707,"high",20,"f",-1,1,-6,1,-2,"MEDIUM"
"381","P20","speaker 2","human",0,"high",20,"f",-1,1,-6,1,-2,"MEDIUM"
"382","P20","speaker 2","robot",0,"high",20,"f",-1,1,-6,1,-2,"MEDIUM"
"383","P20","torso","human",0.0626376619176497,"high",20,"f",-1,1,-6,1,-2,"MEDIUM"
"384","P20","torso","robot",0.117448696181288,"high",20,"f",-1,1,-6,1,-2,"MEDIUM"
"385","P21","arm 1","human",0.00505255954530766,"high",19,"f",0,2,-3,0,-2,"MEDIUM"
"386","P21","arm 1","robot",0.00885831215098191,"high",19,"f",0,2,-3,0,-2,"MEDIUM"
"387","P21","arm 2","human",0.00171294798347957,"high",19,"f",0,2,-3,0,-2,"MEDIUM"
"388","P21","arm 2","robot",0.00985052947700038,"high",19,"f",0,2,-3,0,-2,"MEDIUM"
"389","P21","brown toy","human",0.21704641350211,"high",19,"f",0,2,-3,0,-2,"MEDIUM"
"390","P21","brown toy","robot",0.184700122399021,"high",19,"f",0,2,-3,0,-2,"MEDIUM"
"391","P21","green toy","human",0.0246051838456902,"high",19,"f",0,2,-3,0,-2,"MEDIUM"
"392","P21","green toy","robot",0,"high",19,"f",0,2,-3,0,-2,"MEDIUM"
"393","P21","hand 1","human",0.0082746599220726,"high",19,"f",0,2,-3,0,-2,"MEDIUM"
"394","P21","hand 1","robot",0.11217748029796,"high",19,"f",0,2,-3,0,-2,"MEDIUM"
"395","P21","hand 2","human",0.00917386783319588,"high",19,"f",0,2,-3,0,-2,"MEDIUM"
"396","P21","hand 2","robot",0.0244648798249144,"high",19,"f",0,2,-3,0,-2,"MEDIUM"
"397","P21","head","human",0.0670615670053958,"high",19,"f",0,2,-3,0,-2,"MEDIUM"
"398","P21","head","robot",0.129824423660114,"high",19,"f",0,2,-3,0,-2,"MEDIUM"
"399","P21","leg 1","human",0.0237746941007588,"high",19,"f",0,2,-3,0,-2,"MEDIUM"
"400","P21","leg 1","robot",0.0888412354136202,"high",19,"f",0,2,-3,0,-2,"MEDIUM"
"401","P21","leg 2","human",0.0298297015198682,"high",19,"f",0,2,-3,0,-2,"MEDIUM"
"402","P21","leg 2","robot",0.142842000922536,"high",19,"f",0,2,-3,0,-2,"MEDIUM"
"403","P21","speaker 1","human",0.221492818801683,"high",19,"f",0,2,-3,0,-2,"MEDIUM"
"404","P21","speaker 1","robot",0.045113416234456,"high",19,"f",0,2,-3,0,-2,"MEDIUM"
"405","P21","speaker 2","human",0.0588785724648194,"high",19,"f",0,2,-3,0,-2,"MEDIUM"
"406","P21","speaker 2","robot",0.00412735112166469,"high",19,"f",0,2,-3,0,-2,"MEDIUM"
"407","P21","torso","human",0.275267664130453,"high",19,"f",0,2,-3,0,-2,"MEDIUM"
"408","P21","torso","robot",0.268089073832354,"high",19,"f",0,2,-3,0,-2,"MEDIUM"
"409","P22","arm 1","human",0,"high",37,"m",-1,1,-4,2,-1,"MEDIUM"
"410","P22","arm 1","robot",0.000589834434161326,"high",37,"m",-1,1,-4,2,-1,"MEDIUM"
"411","P22","arm 2","human",0.00150358767438762,"high",37,"m",-1,1,-4,2,-1,"MEDIUM"
"412","P22","arm 2","robot",0.00164780701323938,"high",37,"m",-1,1,-4,2,-1,"MEDIUM"
"413","P22","brown toy","human",0.178155515370705,"high",37,"m",-1,1,-4,2,-1,"MEDIUM"
"414","P22","brown toy","robot",0.375997042023664,"high",37,"m",-1,1,-4,2,-1,"MEDIUM"
"415","P22","green toy","human",0.00458107293550331,"high",37,"m",-1,1,-4,2,-1,"MEDIUM"
"416","P22","green toy","robot",0.0107124643002856,"high",37,"m",-1,1,-4,2,-1,"MEDIUM"
"417","P22","hand 1","human",0.0180600177729168,"high",37,"m",-1,1,-4,2,-1,"MEDIUM"
"418","P22","hand 1","robot",0.0218209297989067,"high",37,"m",-1,1,-4,2,-1,"MEDIUM"
"419","P22","hand 2","human",0.00545734877550289,"high",37,"m",-1,1,-4,2,-1,"MEDIUM"
"420","P22","hand 2","robot",0.0151865191917011,"high",37,"m",-1,1,-4,2,-1,"MEDIUM"
"421","P22","head","human",0.336678071116104,"high",37,"m",-1,1,-4,2,-1,"MEDIUM"
"422","P22","head","robot",0.361815826406132,"high",37,"m",-1,1,-4,2,-1,"MEDIUM"
"423","P22","leg 1","human",0.00327260920090232,"high",37,"m",-1,1,-4,2,-1,"MEDIUM"
"424","P22","leg 1","robot",0.00973570313956798,"high",37,"m",-1,1,-4,2,-1,"MEDIUM"
"425","P22","leg 2","human",0.0109760117194653,"high",37,"m",-1,1,-4,2,-1,"MEDIUM"
"426","P22","leg 2","robot",0.0584878254639671,"high",37,"m",-1,1,-4,2,-1,"MEDIUM"
"427","P22","speaker 1","human",0.210590454083853,"high",37,"m",-1,1,-4,2,-1,"MEDIUM"
"428","P22","speaker 1","robot",0.265634568518403,"high",37,"m",-1,1,-4,2,-1,"MEDIUM"
"429","P22","speaker 2","human",0.120694907877557,"high",37,"m",-1,1,-4,2,-1,"MEDIUM"
"430","P22","speaker 2","robot",0.000249953133787415,"high",37,"m",-1,1,-4,2,-1,"MEDIUM"
"431","P22","torso","human",0.00448348056988204,"high",37,"m",-1,1,-4,2,-1,"MEDIUM"
"432","P22","torso","robot",0.0434377238868225,"high",37,"m",-1,1,-4,2,-1,"MEDIUM"
"433","P23","arm 1","human",0.000228106525747524,"high",34,"f",-1,3,-2,1,-5,"MEDIUM"
"434","P23","arm 1","robot",0.00549792429313103,"high",34,"f",-1,3,-2,1,-5,"MEDIUM"
"435","P23","arm 2","human",0.0113359090995603,"high",34,"f",-1,3,-2,1,-5,"MEDIUM"
"436","P23","arm 2","robot",0.0217855986181583,"high",34,"f",-1,3,-2,1,-5,"MEDIUM"
"437","P23","brown toy","human",0.161754068716094,"high",34,"f",-1,3,-2,1,-5,"MEDIUM"
"438","P23","brown toy","robot",0.140220828233374,"high",34,"f",-1,3,-2,1,-5,"MEDIUM"
"439","P23","green toy","human",0.045877034358047,"high",34,"f",-1,3,-2,1,-5,"MEDIUM"
"440","P23","green toy","robot",0.000815993472052224,"high",34,"f",-1,3,-2,1,-5,"MEDIUM"
"441","P23","hand 1","human",0.00746291612550414,"high",34,"f",-1,3,-2,1,-5,"MEDIUM"
"442","P23","hand 1","robot",0.0286162935628552,"high",34,"f",-1,3,-2,1,-5,"MEDIUM"
"443","P23","hand 2","human",0.0446914554125282,"high",34,"f",-1,3,-2,1,-5,"MEDIUM"
"444","P23","hand 2","robot",0.046603790250557,"high",34,"f",-1,3,-2,1,-5,"MEDIUM"
"445","P23","head","human",0.251602580469455,"high",34,"f",-1,3,-2,1,-5,"MEDIUM"
"446","P23","head","robot",0.334746253422708,"high",34,"f",-1,3,-2,1,-5,"MEDIUM"
"447","P23","leg 1","human",0.00956319639073074,"high",34,"f",-1,3,-2,1,-5,"MEDIUM"
"448","P23","leg 1","robot",0.0647335930829399,"high",34,"f",-1,3,-2,1,-5,"MEDIUM"
"449","P23","leg 2","human",0.00469327961911738,"high",34,"f",-1,3,-2,1,-5,"MEDIUM"
"450","P23","leg 2","robot",0.0720069092086797,"high",34,"f",-1,3,-2,1,-5,"MEDIUM"
"451","P23","speaker 1","human",0.0258087915276367,"high",34,"f",-1,3,-2,1,-5,"MEDIUM"
"452","P23","speaker 1","robot",0.0188745860151222,"high",34,"f",-1,3,-2,1,-5,"MEDIUM"
"453","P23","speaker 2","human",0.0321920789206441,"high",34,"f",-1,3,-2,1,-5,"MEDIUM"
"454","P23","speaker 2","robot",0.00866712491407861,"high",34,"f",-1,3,-2,1,-5,"MEDIUM"
"455","P23","torso","human",0.0297554000919165,"high",34,"f",-1,3,-2,1,-5,"MEDIUM"
"456","P23","torso","robot",0.183530762662793,"high",34,"f",-1,3,-2,1,-5,"MEDIUM"
"457","P24","arm 1","human",0.000526545896933868,"high",19,"f",-1,3,-4,-1,-4,"MEDIUM"
"458","P24","arm 1","robot",0.00528790005201535,"high",19,"f",-1,3,-4,-1,-4,"MEDIUM"
"459","P24","arm 2","human",0.000531013874878666,"high",19,"f",-1,3,-4,-1,-4,"MEDIUM"
"460","P24","arm 2","robot",0.0178186921574593,"high",19,"f",-1,3,-4,-1,-4,"MEDIUM"
"461","P24","brown toy","human",0.0501808318264014,"high",19,"f",-1,3,-4,-1,-4,"MEDIUM"
"462","P24","brown toy","robot",0.115521725826193,"high",19,"f",-1,3,-4,-1,-4,"MEDIUM"
"463","P24","green toy","human",0.0183242917420133,"high",19,"f",-1,3,-4,-1,-4,"MEDIUM"
"464","P24","green toy","robot",0.0286949204406365,"high",19,"f",-1,3,-4,-1,-4,"MEDIUM"
"465","P24","hand 1","human",0.00170893430856518,"high",19,"f",-1,3,-4,-1,-4,"MEDIUM"
"466","P24","hand 1","robot",0.0207138861354558,"high",19,"f",-1,3,-4,-1,-4,"MEDIUM"
"467","P24","hand 2","human",0.00467030011832622,"high",19,"f",-1,3,-4,-1,-4,"MEDIUM"
"468","P24","hand 2","robot",0.0212144111960586,"high",19,"f",-1,3,-4,-1,-4,"MEDIUM"
"469","P24","head","human",0.599325945973548,"high",19,"f",-1,3,-4,-1,-4,"MEDIUM"
"470","P24","head","robot",0.514539762299667,"high",19,"f",-1,3,-4,-1,-4,"MEDIUM"
"471","P24","leg 1","human",0.0198988310889329,"high",19,"f",-1,3,-4,-1,-4,"MEDIUM"
"472","P24","leg 1","robot",0.034941556338512,"high",19,"f",-1,3,-4,-1,-4,"MEDIUM"
"473","P24","leg 2","human",0.0331605932979308,"high",19,"f",-1,3,-4,-1,-4,"MEDIUM"
"474","P24","leg 2","robot",0.0256278645245503,"high",19,"f",-1,3,-4,-1,-4,"MEDIUM"
"475","P24","speaker 1","human",0.00816770636877992,"high",19,"f",-1,3,-4,-1,-4,"MEDIUM"
"476","P24","speaker 1","robot",0.068480909829407,"high",19,"f",-1,3,-4,-1,-4,"MEDIUM"
"477","P24","speaker 2","human",0.000580298853909764,"high",19,"f",-1,3,-4,-1,-4,"MEDIUM"
"478","P24","speaker 2","robot",0.0228582140848591,"high",19,"f",-1,3,-4,-1,-4,"MEDIUM"
"479","P24","torso","human",0.0267510936356363,"high",19,"f",-1,3,-4,-1,-4,"MEDIUM"
"480","P24","torso","robot",0.109506050464703,"high",19,"f",-1,3,-4,-1,-4,"MEDIUM"
"481","P25","arm 1","human",0.141304389149733,"high",23,"m",-1,2,-3,1,6,"MEDIUM"
"482","P25","arm 1","robot",0.0622299863582385,"high",23,"m",-1,2,-3,1,6,"MEDIUM"
"483","P25","arm 2","human",0,"high",23,"m",-1,2,-3,1,6,"MEDIUM"
"484","P25","arm 2","robot",0.0118163171169757,"high",23,"m",-1,2,-3,1,6,"MEDIUM"
"485","P25","brown toy","human",0.00528631705846896,"high",23,"m",-1,2,-3,1,6,"MEDIUM"
"486","P25","brown toy","robot",0.301468788249694,"high",23,"m",-1,2,-3,1,6,"MEDIUM"
"487","P25","green toy","human",0,"high",23,"m",-1,2,-3,1,6,"MEDIUM"
"488","P25","green toy","robot",0.0224296205630355,"high",23,"m",-1,2,-3,1,6,"MEDIUM"
"489","P25","hand 1","human",0.0283512201790963,"high",23,"m",-1,2,-3,1,6,"MEDIUM"
"490","P25","hand 1","robot",0.00980538407937739,"high",23,"m",-1,2,-3,1,6,"MEDIUM"
"491","P25","hand 2","human",0.0130427767220051,"high",23,"m",-1,2,-3,1,6,"MEDIUM"
"492","P25","hand 2","robot",0.00239368749570628,"high",23,"m",-1,2,-3,1,6,"MEDIUM"
"493","P25","head","human",0,"high",23,"m",-1,2,-3,1,6,"MEDIUM"
"494","P25","head","robot",0.00177146614585889,"high",23,"m",-1,2,-3,1,6,"MEDIUM"
"495","P25","leg 1","human",0.0122291339120924,"high",23,"m",-1,2,-3,1,6,"MEDIUM"
"496","P25","leg 1","robot",0.036293955423827,"high",23,"m",-1,2,-3,1,6,"MEDIUM"
"497","P25","leg 2","human",0.11647134224501,"high",23,"m",-1,2,-3,1,6,"MEDIUM"
"498","P25","leg 2","robot",0.128491653008548,"high",23,"m",-1,2,-3,1,6,"MEDIUM"
"499","P25","speaker 1","human",0.0588713187291455,"high",23,"m",-1,2,-3,1,6,"MEDIUM"
"500","P25","speaker 1","robot",0.560185590201837,"high",23,"m",-1,2,-3,1,6,"MEDIUM"
"501","P25","speaker 2","human",0.0211809081677064,"high",23,"m",-1,2,-3,1,6,"MEDIUM"
"502","P25","speaker 2","robot",0.0781853402487034,"high",23,"m",-1,2,-3,1,6,"MEDIUM"
"503","P25","torso","human",0.0656351597474,"high",23,"m",-1,2,-3,1,6,"MEDIUM"
"504","P25","torso","robot",0.0317195489385924,"high",23,"m",-1,2,-3,1,6,"MEDIUM"
"505","P26","arm 1","human",0.00395764822171954,"high",18,"m",-2,1,4,1,7,"HIGH"
"506","P26","arm 1","robot",0.00192358650741464,"high",18,"m",-2,1,4,1,7,"HIGH"
"507","P26","arm 2","human",0.0353856987876135,"high",18,"m",-2,1,4,1,7,"HIGH"
"508","P26","arm 2","robot",0.00121598147075854,"high",18,"m",-2,1,4,1,7,"HIGH"
"509","P26","brown toy","human",0.0980952380952381,"high",18,"m",-2,1,4,1,7,"HIGH"
"510","P26","brown toy","robot",0.227294981640147,"high",18,"m",-2,1,4,1,7,"HIGH"
"511","P26","green toy","human",0.0824593128390597,"high",18,"m",-2,1,4,1,7,"HIGH"
"512","P26","green toy","robot",0.0502728478172175,"high",18,"m",-2,1,4,1,7,"HIGH"
"513","P26","hand 1","human",0.00225408435299747,"high",18,"m",-2,1,4,1,7,"HIGH"
"514","P26","hand 1","robot",0.0682009559047236,"high",18,"m",-2,1,4,1,7,"HIGH"
"515","P26","hand 2","human",0.0180752267919251,"high",18,"m",-2,1,4,1,7,"HIGH"
"516","P26","hand 2","robot",0.0127231507561854,"high",18,"m",-2,1,4,1,7,"HIGH"
"517","P26","head","human",0.236247425488093,"high",18,"m",-2,1,4,1,7,"HIGH"
"518","P26","head","robot",0.128921515707654,"high",18,"m",-2,1,4,1,7,"HIGH"
"519","P26","leg 1","human",0.0727800943331738,"high",18,"m",-2,1,4,1,7,"HIGH"
"520","P26","leg 1","robot",0.149320365481436,"high",18,"m",-2,1,4,1,7,"HIGH"
"521","P26","leg 2","human",0.0170701336751511,"high",18,"m",-2,1,4,1,7,"HIGH"
"522","P26","leg 2","robot",0.0985092204567536,"high",18,"m",-2,1,4,1,7,"HIGH"
"523","P26","speaker 1","human",0.00928478166255622,"high",18,"m",-2,1,4,1,7,"HIGH"
"524","P26","speaker 1","robot",0.107501718427795,"high",18,"m",-2,1,4,1,7,"HIGH"
"525","P26","speaker 2","human",0,"high",18,"m",-2,1,4,1,7,"HIGH"
"526","P26","speaker 2","robot",0.0568580891082922,"high",18,"m",-2,1,4,1,7,"HIGH"
"527","P26","torso","human",0.218327120461625,"high",18,"m",-2,1,4,1,7,"HIGH"
"528","P26","torso","robot",0.188606675630318,"high",18,"m",-2,1,4,1,7,"HIGH"
"529","P27","arm 1","human",0.00120706369874731,"high",23,"m",1,1,-7,2,2,"LOW"
"530","P27","arm 1","robot",0.000784155928277703,"high",23,"m",1,1,-7,2,2,"LOW"
"531","P27","arm 2","human",0.034026760054053,"high",23,"m",1,1,-7,2,2,"LOW"
"532","P27","arm 2","robot",0.00788768610208748,"high",23,"m",1,1,-7,2,2,"LOW"
"533","P27","brown toy","human",0.332694394213382,"high",23,"m",1,1,-7,2,2,"LOW"
"534","P27","brown toy","robot",0.524428804569563,"high",23,"m",1,1,-7,2,2,"LOW"
"535","P27","green toy","human",0,"high",23,"m",1,1,-7,2,2,"LOW"
"536","P27","green toy","robot",0.0756731946144431,"high",23,"m",1,1,-7,2,2,"LOW"
"537","P27","hand 1","human",0.0126990908469478,"high",23,"m",1,1,-7,2,2,"LOW"
"538","P27","hand 1","robot",0.0324683736861217,"high",23,"m",1,1,-7,2,2,"LOW"
"539","P27","hand 2","human",0.0503442217361684,"high",23,"m",1,1,-7,2,2,"LOW"
"540","P27","hand 2","robot",0.0199218788336785,"high",23,"m",1,1,-7,2,2,"LOW"
"541","P27","head","human",0.00333792915624096,"high",23,"m",1,1,-7,2,2,"LOW"
"542","P27","head","robot",0.00316901062879688,"high",23,"m",1,1,-7,2,2,"LOW"
"543","P27","leg 1","human",0.0377076355184907,"high",23,"m",1,1,-7,2,2,"LOW"
"544","P27","leg 1","robot",0.0472377886606538,"high",23,"m",1,1,-7,2,2,"LOW"
"545","P27","leg 2","human",0.0537630470609778,"high",23,"m",1,1,-7,2,2,"LOW"
"546","P27","leg 2","robot",0.076664736537348,"high",23,"m",1,1,-7,2,2,"LOW"
"547","P27","speaker 1","human",0.361482663571739,"high",23,"m",1,1,-7,2,2,"LOW"
"548","P27","speaker 1","robot",0.537096169468225,"high",23,"m",1,1,-7,2,2,"LOW"
"549","P27","speaker 2","human",0.0858479617002756,"high",23,"m",1,1,-7,2,2,"LOW"
"550","P27","speaker 2","robot",0.134787227394863,"high",23,"m",1,1,-7,2,2,"LOW"
"551","P27","torso","human",0.218361163594274,"high",23,"m",1,1,-7,2,2,"LOW"
"552","P27","torso","robot",0.119400743917639,"high",23,"m",1,1,-7,2,2,"LOW"
"553","P28","arm 1","human",0.00152451194707929,"high",18,"f",-1,1,1,0,-2,"MEDIUM"
"554","P28","arm 1","robot",0.00121107436232126,"high",18,"f",-1,1,1,0,-2,"MEDIUM"
"555","P28","arm 2","human",0.043021640242858,"high",18,"f",-1,1,1,0,-2,"MEDIUM"
"556","P28","arm 2","robot",0.278777737430442,"high",18,"f",-1,1,1,0,-2,"MEDIUM"
"557","P28","brown toy","human",0.0163110307414105,"high",18,"f",-1,1,1,0,-2,"MEDIUM"
"558","P28","brown toy","robot",0.15203743370053,"high",18,"f",-1,1,1,0,-2,"MEDIUM"
"559","P28","green toy","human",0,"high",18,"f",-1,1,1,0,-2,"MEDIUM"
"560","P28","green toy","robot",0.0050030599755202,"high",18,"f",-1,1,1,0,-2,"MEDIUM"
"561","P28","hand 1","human",0.0101100553694716,"high",18,"f",-1,1,1,0,-2,"MEDIUM"
"562","P28","hand 1","robot",0.00992413610355962,"high",18,"f",-1,1,1,0,-2,"MEDIUM"
"563","P28","hand 2","human",0.0504571694933486,"high",18,"f",-1,1,1,0,-2,"MEDIUM"
"564","P28","hand 2","robot",0.0620543118761838,"high",18,"f",-1,1,1,0,-2,"MEDIUM"
"565","P28","head","human",0.0984289094282456,"high",18,"f",-1,1,1,0,-2,"MEDIUM"
"566","P28","head","robot",0.0114963736468648,"high",18,"f",-1,1,1,0,-2,"MEDIUM"
"567","P28","leg 1","human",0.0272096520609748,"high",18,"f",-1,1,1,0,-2,"MEDIUM"
"568","P28","leg 1","robot",0.0458372999126535,"high",18,"f",-1,1,1,0,-2,"MEDIUM"
"569","P28","leg 2","human",0.0281065738875664,"high",18,"f",-1,1,1,0,-2,"MEDIUM"
"570","P28","leg 2","robot",0.0918384972471122,"high",18,"f",-1,1,1,0,-2,"MEDIUM"
"571","P28","speaker 1","human",0.0695270564340635,"high",18,"f",-1,1,1,0,-2,"MEDIUM"
"572","P28","speaker 1","robot",0.00314628507154908,"high",18,"f",-1,1,1,0,-2,"MEDIUM"
"573","P28","speaker 2","human",0.000870448280864645,"high",18,"f",-1,1,1,0,-2,"MEDIUM"
"574","P28","speaker 2","robot",0,"high",18,"f",-1,1,1,0,-2,"MEDIUM"
"575","P28","torso","human",0.0438696828882194,"high",18,"f",-1,1,1,0,-2,"MEDIUM"
"576","P28","torso","robot",0.129350396985073,"high",18,"f",-1,1,1,0,-2,"MEDIUM"
"577","P29","arm 1","human",0.00523124299047655,"high",25,"m",0,1,3,2,9,"MEDIUM"
"578","P29","arm 1","robot",0.00714671272805787,"high",25,"m",0,1,3,2,9,"MEDIUM"
"579","P29","arm 2","human",0.00494661312118155,"high",25,"m",0,1,3,2,9,"MEDIUM"
"580","P29","arm 2","robot",0.00164682559155192,"high",25,"m",0,1,3,2,9,"MEDIUM"
"581","P29","brown toy","human",0.132833031946956,"high",25,"m",0,1,3,2,9,"MEDIUM"
"582","P29","brown toy","robot",0.295328437372501,"high",25,"m",0,1,3,2,9,"MEDIUM"
"583","P29","green toy","human",0,"high",25,"m",0,1,3,2,9,"MEDIUM"
"584","P29","green toy","robot",0.0164193186454508,"high",25,"m",0,1,3,2,9,"MEDIUM"
"585","P29","hand 1","human",0.00686649805181489,"high",25,"m",0,1,3,2,9,"MEDIUM"
"586","P29","hand 1","robot",0.0544394610032092,"high",25,"m",0,1,3,2,9,"MEDIUM"
"587","P29","hand 2","human",0.023387357022482,"high",25,"m",0,1,3,2,9,"MEDIUM"
"588","P29","hand 2","robot",0.0356462171101057,"high",25,"m",0,1,3,2,9,"MEDIUM"
"589","P29","head","human",0.225236174232753,"high",25,"m",0,1,3,2,9,"MEDIUM"
"590","P29","head","robot",0.193648238838782,"high",25,"m",0,1,3,2,9,"MEDIUM"
"591","P29","leg 1","human",0.0283324219017021,"high",25,"m",0,1,3,2,9,"MEDIUM"
"592","P29","leg 1","robot",0.0649092675649947,"high",25,"m",0,1,3,2,9,"MEDIUM"
"593","P29","leg 2","human",0.0459457974729903,"high",25,"m",0,1,3,2,9,"MEDIUM"
"594","P29","leg 2","robot",0.113333595045783,"high",25,"m",0,1,3,2,9,"MEDIUM"
"595","P29","speaker 1","human",0,"high",25,"m",0,1,3,2,9,"MEDIUM"
"596","P29","speaker 1","robot",0.109773167531088,"high",25,"m",0,1,3,2,9,"MEDIUM"
"597","P29","speaker 2","human",0.000594806325257508,"high",25,"m",0,1,3,2,9,"MEDIUM"
"598","P29","speaker 2","robot",0.0541179778791477,"high",25,"m",0,1,3,2,9,"MEDIUM"
"599","P29","torso","human",0.227917070928867,"high",25,"m",0,1,3,2,9,"MEDIUM"
"600","P29","torso","robot",0.249738451120293,"high",25,"m",0,1,3,2,9,"MEDIUM"
"601","P30","arm 1","human",0.00105309179386774,"high",18,"f",-1,1,-2,0,5,"MEDIUM"
"602","P30","arm 1","robot",0.006231046293661,"high",18,"f",-1,1,-2,0,5,"MEDIUM"
"603","P30","arm 2","human",0.00722864049028378,"high",18,"f",-1,1,-2,0,5,"MEDIUM"
"604","P30","arm 2","robot",0.000300315036361674,"high",18,"f",-1,1,-2,0,5,"MEDIUM"
"605","P30","brown toy","human",0.132356841470766,"high",18,"f",-1,1,-2,0,5,"MEDIUM"
"606","P30","brown toy","robot",0.131448898408813,"high",18,"f",-1,1,-2,0,5,"MEDIUM"
"607","P30","green toy","human",0,"high",18,"f",-1,1,-2,0,5,"MEDIUM"
"608","P30","green toy","robot",0.0204712362301102,"high",18,"f",-1,1,-2,0,5,"MEDIUM"
"609","P30","hand 1","human",0.014419987695673,"high",18,"f",-1,1,-2,0,5,"MEDIUM"
"610","P30","hand 1","robot",0.047008135985789,"high",18,"f",-1,1,-2,0,5,"MEDIUM"
"611","P30","hand 2","human",0.0220911470472229,"high",18,"f",-1,1,-2,0,5,"MEDIUM"
"612","P30","hand 2","robot",0.00784744781290177,"high",18,"f",-1,1,-2,0,5,"MEDIUM"
"613","P30","head","human",0.235095065447923,"high",18,"f",-1,1,-2,0,5,"MEDIUM"
"614","P30","head","robot",0.32613722238034,"high",18,"f",-1,1,-2,0,5,"MEDIUM"
"615","P30","leg 1","human",0.0469820220110739,"high",18,"f",-1,1,-2,0,5,"MEDIUM"
"616","P30","leg 1","robot",0.114291462612741,"high",18,"f",-1,1,-2,0,5,"MEDIUM"
"617","P30","leg 2","human",0.0301025453213697,"high",18,"f",-1,1,-2,0,5,"MEDIUM"
"618","P30","leg 2","robot",0.0121303720569617,"high",18,"f",-1,1,-2,0,5,"MEDIUM"
"619","P30","speaker 1","human",0,"high",18,"f",-1,1,-2,0,5,"MEDIUM"
"620","P30","speaker 1","robot",0.0300818596513154,"high",18,"f",-1,1,-2,0,5,"MEDIUM"
"621","P30","speaker 2","human",0,"high",18,"f",-1,1,-2,0,5,"MEDIUM"
"622","P30","speaker 2","robot",0.0144910329313254,"high",18,"f",-1,1,-2,0,5,"MEDIUM"
"623","P30","torso","human",0.252640896015251,"high",18,"f",-1,1,-2,0,5,"MEDIUM"
"624","P30","torso","robot",0.277727616224863,"high",18,"f",-1,1,-2,0,5,"MEDIUM"
"625","P31","arm 1","human",0.0388921626399529,"high",20,"f",0,3,-6,-1,-6,"MEDIUM"
"626","P31","arm 1","robot",0.00453711246111117,"high",20,"f",0,3,-6,-1,-6,"MEDIUM"
"627","P31","arm 2","human",0.000152262042975962,"high",20,"f",0,3,-6,-1,-6,"MEDIUM"
"628","P31","arm 2","robot",0.000454398241292336,"high",20,"f",0,3,-6,-1,-6,"MEDIUM"
"629","P31","brown toy","human",0.126528028933092,"high",20,"f",0,3,-6,-1,-6,"MEDIUM"
"630","P31","brown toy","robot",0.401417788657691,"high",20,"f",0,3,-6,-1,-6,"MEDIUM"
"631","P31","green toy","human",0,"high",20,"f",0,3,-6,-1,-6,"MEDIUM"
"632","P31","green toy","robot",0.0312092003263974,"high",20,"f",0,3,-6,-1,-6,"MEDIUM"
"633","P31","hand 1","human",0.0291322031581106,"high",20,"f",0,3,-6,-1,-6,"MEDIUM"
"634","P31","hand 1","robot",0.0600855799711462,"high",20,"f",0,3,-6,-1,-6,"MEDIUM"
"635","P31","hand 2","human",0.0274212054932052,"high",20,"f",0,3,-6,-1,-6,"MEDIUM"
"636","P31","hand 2","robot",0.0397946865829841,"high",20,"f",0,3,-6,-1,-6,"MEDIUM"
"637","P31","head","human",0.0735501880883079,"high",20,"f",0,3,-6,-1,-6,"MEDIUM"
"638","P31","head","robot",0.0511536611936051,"high",20,"f",0,3,-6,-1,-6,"MEDIUM"
"639","P31","leg 1","human",0.048282521019892,"high",20,"f",0,3,-6,-1,-6,"MEDIUM"
"640","P31","leg 1","robot",0.121424435437174,"high",20,"f",0,3,-6,-1,-6,"MEDIUM"
"641","P31","leg 2","human",0.056464017579198,"high",20,"f",0,3,-6,-1,-6,"MEDIUM"
"642","P31","leg 2","robot",0.13916363243795,"high",20,"f",0,3,-6,-1,-6,"MEDIUM"
"643","P31","speaker 1","human",0.0745611489917307,"high",20,"f",0,3,-6,-1,-6,"MEDIUM"
"644","P31","speaker 1","robot",0.232806348809598,"high",20,"f",0,3,-6,-1,-6,"MEDIUM"
"645","P31","speaker 2","human",0.000290149426954882,"high",20,"f",0,3,-6,-1,-6,"MEDIUM"
"646","P31","speaker 2","robot",0.0207398612760107,"high",20,"f",0,3,-6,-1,-6,"MEDIUM"
"647","P31","torso","human",0.188910449539567,"high",20,"f",0,3,-6,-1,-6,"MEDIUM"
"648","P31","torso","robot",0.129332731394698,"high",20,"f",0,3,-6,-1,-6,"MEDIUM"
"649","P32","arm 1","human",0.00305092478187313,"high",17,"m",0,1,-6,1,-1,"MEDIUM"
"650","P32","arm 1","robot",0.00680223371576065,"high",17,"m",0,1,-6,1,-1,"MEDIUM"
"651","P32","arm 2","human",0.0107972821225329,"high",17,"m",0,1,-6,1,-1,"MEDIUM"
"652","P32","arm 2","robot",0.0128360142502429,"high",17,"m",0,1,-6,1,-1,"MEDIUM"
"653","P32","brown toy","human",0.166751054852321,"high",17,"m",0,1,-6,1,-1,"MEDIUM"
"654","P32","brown toy","robot",0.281382598939209,"high",17,"m",0,1,-6,1,-1,"MEDIUM"
"655","P32","green toy","human",0.00161543098251959,"high",17,"m",0,1,-6,1,-1,"MEDIUM"
"656","P32","green toy","robot",0.022327621379029,"high",17,"m",0,1,-6,1,-1,"MEDIUM"
"657","P32","hand 1","human",0.0124752204525258,"high",17,"m",0,1,-6,1,-1,"MEDIUM"
"658","P32","hand 1","robot",0.0800408271421982,"high",17,"m",0,1,-6,1,-1,"MEDIUM"
"659","P32","hand 2","human",0.0237674351895012,"high",17,"m",0,1,-6,1,-1,"MEDIUM"
"660","P32","hand 2","robot",0.0546053212683894,"high",17,"m",0,1,-6,1,-1,"MEDIUM"
"661","P32","head","human",0.25860014638547,"high",17,"m",0,1,-6,1,-1,"MEDIUM"
"662","P32","head","robot",0.320578449942587,"high",17,"m",0,1,-6,1,-1,"MEDIUM"
"663","P32","leg 1","human",0.0110807300567366,"high",17,"m",0,1,-6,1,-1,"MEDIUM"
"664","P32","leg 1","robot",0.0599148125975288,"high",17,"m",0,1,-6,1,-1,"MEDIUM"
"665","P32","leg 2","human",0.00207654275773668,"high",17,"m",0,1,-6,1,-1,"MEDIUM"
"666","P32","leg 2","robot",0.0471357208051584,"high",17,"m",0,1,-6,1,-1,"MEDIUM"
"667","P32","speaker 1","human",0.0771434788916292,"high",17,"m",0,1,-6,1,-1,"MEDIUM"
"668","P32","speaker 1","robot",0.154158595263388,"high",17,"m",0,1,-6,1,-1,"MEDIUM"
"669","P32","speaker 2","human",0.0150369940519367,"high",17,"m",0,1,-6,1,-1,"MEDIUM"
"670","P32","speaker 2","robot",0.0388927076173217,"high",17,"m",0,1,-6,1,-1,"MEDIUM"
"671","P32","torso","human",0.182425232769919,"high",17,"m",0,1,-6,1,-1,"MEDIUM"
"672","P32","torso","robot",0.145832392804216,"high",17,"m",0,1,-6,1,-1,"MEDIUM"
"673","P33","arm 1","human",0.0362176136255631,"high",18,"f",0,3,-3,1,-5,"MEDIUM"
"674","P33","arm 1","robot",0.026919415465243,"high",18,"f",0,3,-3,1,-5,"MEDIUM"
"675","P33","arm 2","human",0.000961154146285758,"high",18,"f",0,3,-3,1,-5,"MEDIUM"
"676","P33","arm 2","robot",0.00120420441050906,"high",18,"f",0,3,-3,1,-5,"MEDIUM"
"677","P33","brown toy","human",0.109198312236287,"high",18,"f",0,3,-3,1,-5,"MEDIUM"
"678","P33","brown toy","robot",0.123467462260302,"high",18,"f",0,3,-3,1,-5,"MEDIUM"
"679","P33","green toy","human",0.00626883664858348,"high",18,"f",0,3,-3,1,-5,"MEDIUM"
"680","P33","green toy","robot",0.0215677274581803,"high",18,"f",0,3,-3,1,-5,"MEDIUM"
"681","P33","hand 1","human",0.024894046072869,"high",18,"f",0,3,-3,1,-5,"MEDIUM"
"682","P33","hand 1","robot",0.0347550862178952,"high",18,"f",0,3,-3,1,-5,"MEDIUM"
"683","P33","hand 2","human",0.00700455376671806,"high",18,"f",0,3,-3,1,-5,"MEDIUM"
"684","P33","hand 2","robot",0.00912427742828261,"high",18,"f",0,3,-3,1,-5,"MEDIUM"
"685","P33","head","human",0.353823894874806,"high",18,"f",0,3,-3,1,-5,"MEDIUM"
"686","P33","head","robot",0.388677337991815,"high",18,"f",0,3,-3,1,-5,"MEDIUM"
"687","P33","leg 1","human",0.0296517191879144,"high",18,"f",0,3,-3,1,-5,"MEDIUM"
"688","P33","leg 1","robot",0.0731168971371929,"high",18,"f",0,3,-3,1,-5,"MEDIUM"
"689","P33","leg 2","human",0.00358176158212782,"high",18,"f",0,3,-3,1,-5,"MEDIUM"
"690","P33","leg 2","robot",0.012440501310198,"high",18,"f",0,3,-3,1,-5,"MEDIUM"
"691","P33","speaker 1","human",0.113426664732337,"high",18,"f",0,3,-3,1,-5,"MEDIUM"
"692","P33","speaker 1","robot",0.158504655377117,"high",18,"f",0,3,-3,1,-5,"MEDIUM"
"693","P33","speaker 2","human",0.000594806325257508,"high",18,"f",0,3,-3,1,-5,"MEDIUM"
"694","P33","speaker 2","robot",0.0613541211022933,"high",18,"f",0,3,-3,1,-5,"MEDIUM"
"695","P33","torso","human",0.039253434101006,"high",18,"f",0,3,-3,1,-5,"MEDIUM"
"696","P33","torso","robot",0.11166027106867,"high",18,"f",0,3,-3,1,-5,"MEDIUM"
"697","P34","arm 1","human",0.000257994432751714,"low",18,"f",-2,1,-5,1,-9,"MEDIUM"
"698","P34","arm 1","robot",0.00219740315821499,"low",18,"f",-2,1,-5,1,-9,"MEDIUM"
"699","P34","arm 2","human",0.206865707108426,"low",18,"f",-2,1,-5,1,-9,"MEDIUM"
"700","P34","arm 2","robot",0.0611121470562256,"low",18,"f",-2,1,-5,1,-9,"MEDIUM"
"701","P34","brown toy","human",0.0892284508740205,"low",18,"f",-2,1,-5,1,-9,"MEDIUM"
"702","P34","brown toy","robot",0.179572113423093,"low",18,"f",-2,1,-5,1,-9,"MEDIUM"
"703","P34","green toy","human",0.00857745629897529,"low",18,"f",-2,1,-5,1,-9,"MEDIUM"
"704","P34","green toy","robot",0.00764483884128927,"low",18,"f",-2,1,-5,1,-9,"MEDIUM"
"705","P34","hand 1","human",0.0065601873854301,"low",18,"f",-2,1,-5,1,-9,"MEDIUM"
"706","P34","hand 1","robot",0.0268585673206206,"low",18,"f",-2,1,-5,1,-9,"MEDIUM"
"707","P34","hand 2","human",0.0483824427999185,"low",18,"f",-2,1,-5,1,-9,"MEDIUM"
"708","P34","hand 2","robot",0.0191122059415269,"low",18,"f",-2,1,-5,1,-9,"MEDIUM"
"709","P34","head","human",0.0261983162468599,"low",18,"f",-2,1,-5,1,-9,"MEDIUM"
"710","P34","head","robot",0.145377994562924,"low",18,"f",-2,1,-5,1,-9,"MEDIUM"
"711","P34","leg 1","human",0.0108289768483943,"low",18,"f",-2,1,-5,1,-9,"MEDIUM"
"712","P34","leg 1","robot",0.0637717998292326,"low",18,"f",-2,1,-5,1,-9,"MEDIUM"
"713","P34","leg 2","human",0.123480897513645,"low",18,"f",-2,1,-5,1,-9,"MEDIUM"
"714","P34","leg 2","robot",0.157727223656188,"low",18,"f",-2,1,-5,1,-9,"MEDIUM"
"715","P34","speaker 1","human",0.0673219207892064,"low",18,"f",-2,1,-5,1,-9,"MEDIUM"
"716","P34","speaker 1","robot",0.0801224770355558,"low",18,"f",-2,1,-5,1,-9,"MEDIUM"
"717","P34","speaker 2","human",0.0220441027128971,"low",18,"f",-2,1,-5,1,-9,"MEDIUM"
"718","P34","speaker 2","robot",0.0394551021683434,"low",18,"f",-2,1,-5,1,-9,"MEDIUM"
"719","P34","torso","human",0.0604691425079775,"low",18,"f",-2,1,-5,1,-9,"MEDIUM"
"720","P34","torso","robot",0.196933057226699,"low",18,"f",-2,1,-5,1,-9,"MEDIUM"
"721","P35","arm 1","human",0.0046829384208025,"low",18,"m",0,1,1,-2,-16,"MEDIUM"
"722","P35","arm 1","robot",0.000845004072900003,"low",18,"m",0,1,1,-2,-16,"MEDIUM"
"723","P35","arm 2","human",0.0257281553398058,"low",18,"m",0,1,1,-2,-16,"MEDIUM"
"724","P35","arm 2","robot",0.0146320159382882,"low",18,"m",0,1,1,-2,-16,"MEDIUM"
"725","P35","brown toy","human",0.0709222423146474,"low",18,"m",0,1,1,-2,-16,"MEDIUM"
"726","P35","brown toy","robot",0.230564055487556,"low",18,"m",0,1,1,-2,-16,"MEDIUM"
"727","P35","green toy","human",0,"low",18,"m",0,1,1,-2,-16,"MEDIUM"
"728","P35","green toy","robot",0.00891982864137087,"low",18,"m",0,1,1,-2,-16,"MEDIUM"
"729","P35","hand 1","human",0.00200285151741462,"low",18,"m",0,1,1,-2,-16,"MEDIUM"
"730","P35","hand 1","robot",0.0399409184144151,"low",18,"m",0,1,1,-2,-16,"MEDIUM"
"731","P35","hand 2","human",0.0238033810849345,"low",18,"m",0,1,1,-2,-16,"MEDIUM"
"732","P35","hand 2","robot",0.0629503498768316,"low",18,"m",0,1,1,-2,-16,"MEDIUM"
"733","P35","head","human",0.319381831760473,"low",18,"m",0,1,1,-2,-16,"MEDIUM"
"734","P35","head","robot",0.208567811331495,"low",18,"m",0,1,1,-2,-16,"MEDIUM"
"735","P35","leg 1","human",0.0119882544639826,"low",18,"m",0,1,1,-2,-16,"MEDIUM"
"736","P35","leg 1","robot",0.0529535885684002,"low",18,"m",0,1,1,-2,-16,"MEDIUM"
"737","P35","leg 2","human",0.0111704063068526,"low",18,"m",0,1,1,-2,-16,"MEDIUM"
"738","P35","leg 2","robot",0.117315222831794,"low",18,"m",0,1,1,-2,-16,"MEDIUM"
"739","P35","speaker 1","human",0.00767445234295662,"low",18,"m",0,1,1,-2,-16,"MEDIUM"
"740","P35","speaker 1","robot",0.0832562644504155,"low",18,"m",0,1,1,-2,-16,"MEDIUM"
"741","P35","speaker 2","human",0,"low",18,"m",0,1,1,-2,-16,"MEDIUM"
"742","P35","speaker 2","robot",0.0497250515528338,"low",18,"m",0,1,1,-2,-16,"MEDIUM"
"743","P35","torso","human",0.0842708262611175,"low",18,"m",0,1,1,-2,-16,"MEDIUM"
"744","P35","torso","robot",0.198173574239644,"low",18,"m",0,1,1,-2,-16,"MEDIUM"
"745","P36","arm 1","human",0.00243567112499151,"low",19,"m",1,1,4,-2,1,"HIGH"
"746","P36","arm 1","robot",0.00395807366551186,"low",19,"m",1,1,4,-2,1,"HIGH"
"747","P36","arm 2","human",0.0291397922465884,"low",19,"m",1,1,4,-2,1,"HIGH"
"748","P36","arm 2","robot",0.00882985092204568,"low",19,"m",1,1,4,-2,1,"HIGH"
"749","P36","brown toy","human",0,"low",19,"m",1,1,4,-2,1,"HIGH"
"750","P36","brown toy","robot",0.199201856385149,"low",19,"m",1,1,4,-2,1,"HIGH"
"751","P36","green toy","human",0,"low",19,"m",1,1,4,-2,1,"HIGH"
"752","P36","green toy","robot",0,"low",19,"m",1,1,4,-2,1,"HIGH"
"753","P36","hand 1","human",0.0168307420734605,"low",19,"m",1,1,4,-2,1,"HIGH"
"754","P36","hand 1","robot",0.0725221555945943,"low",19,"m",1,1,4,-2,1,"HIGH"
"755","P36","hand 2","human",0.0395070948469007,"low",19,"m",1,1,4,-2,1,"HIGH"
"756","P36","hand 2","robot",0.00805649063232999,"low",19,"m",1,1,4,-2,1,"HIGH"
"757","P36","head","human",0.350470160907054,"low",19,"m",1,1,4,-2,1,"HIGH"
"758","P36","head","robot",0.413052908443171,"low",19,"m",1,1,4,-2,1,"HIGH"
"759","P36","leg 1","human",0.0270147328399756,"low",19,"m",1,1,4,-2,1,"HIGH"
"760","P36","leg 1","robot",0.0470179502026636,"low",19,"m",1,1,4,-2,1,"HIGH"
"761","P36","leg 2","human",0.0113644633110976,"low",19,"m",1,1,4,-2,1,"HIGH"
"762","P36","leg 2","robot",0.0980528593720864,"low",19,"m",1,1,4,-2,1,"HIGH"
"763","P36","speaker 1","human",0.000290149426954882,"low",19,"m",1,1,4,-2,1,"HIGH"
"764","P36","speaker 1","robot",0.0299131412860089,"low",19,"m",1,1,4,-2,1,"HIGH"
"765","P36","speaker 2","human",0.0224212969679385,"low",19,"m",1,1,4,-2,1,"HIGH"
"766","P36","speaker 2","robot",0.0103855527088671,"low",19,"m",1,1,4,-2,1,"HIGH"
"767","P36","torso","human",0.126595491886754,"low",19,"m",1,1,4,-2,1,"HIGH"
"768","P36","torso","robot",0.194835759080604,"low",19,"m",1,1,4,-2,1,"HIGH"
"769","P37","arm 1","human",0.0116301174553602,"low",20,"m",-2,1,-8,0,-2,"LOW"
"770","P37","arm 1","robot",0.001498630916746,"low",20,"m",-2,1,-8,0,-2,"LOW"
"771","P37","arm 2","human",0.0199894765428746,"low",20,"m",-2,1,-8,0,-2,"LOW"
"772","P37","arm 2","robot",0.00714082419793313,"low",20,"m",-2,1,-8,0,-2,"LOW"
"773","P37","brown toy","human",0.126166365280289,"low",20,"m",-2,1,-8,0,-2,"LOW"
"774","P37","brown toy","robot",0.39703437372501,"low",20,"m",-2,1,-8,0,-2,"LOW"
"775","P37","green toy","human",0,"low",20,"m",-2,1,-8,0,-2,"LOW"
"776","P37","green toy","robot",0,"low",20,"m",-2,1,-8,0,-2,"LOW"
"777","P37","hand 1","human",0.0159939574988119,"low",20,"m",-2,1,-8,0,-2,"LOW"
"778","P37","hand 1","robot",0.069014554483625,"low",20,"m",-2,1,-8,0,-2,"LOW"
"779","P37","hand 2","human",0.0257077873582728,"low",20,"m",-2,1,-8,0,-2,"LOW"
"780","P37","hand 2","robot",0.0305496942871444,"low",20,"m",-2,1,-8,0,-2,"LOW"
"781","P37","head","human",0.380331319166271,"low",20,"m",-2,1,-8,0,-2,"LOW"
"782","P37","head","robot",0.239423709185126,"low",20,"m",-2,1,-8,0,-2,"LOW"
"783","P37","leg 1","human",0.01239052209926,"low",20,"m",-2,1,-8,0,-2,"LOW"
"784","P37","leg 1","robot",0.0645893240948838,"low",20,"m",-2,1,-8,0,-2,"LOW"
"785","P37","leg 2","human",0.020731179069566,"low",20,"m",-2,1,-8,0,-2,"LOW"
"786","P37","leg 2","robot",0.148229024564985,"low",20,"m",-2,1,-8,0,-2,"LOW"
"787","P37","speaker 1","human",0.0251777165240099,"low",20,"m",-2,1,-8,0,-2,"LOW"
"788","P37","speaker 1","robot",0.0577173030056864,"low",20,"m",-2,1,-8,0,-2,"LOW"
"789","P37","speaker 2","human",0.0168286667633831,"low",20,"m",-2,1,-8,0,-2,"LOW"
"790","P37","speaker 2","robot",0.00961382240829844,"low",20,"m",-2,1,-8,0,-2,"LOW"
"791","P37","torso","human",0.0740868354946025,"low",20,"m",-2,1,-8,0,-2,"LOW"
"792","P37","torso","robot",0.19154603358425,"low",20,"m",-2,1,-8,0,-2,"LOW"
"793","P38","arm 1","human",0.0105030891438658,"low",19,"m",-1,1,-4,-2,-3,"MEDIUM"
"794","P38","arm 1","robot",0.00259978605007213,"low",19,"m",-1,1,-4,-2,-3,"MEDIUM"
"795","P38","arm 2","human",0.0398635345237287,"low",19,"m",-1,1,-4,-2,-3,"MEDIUM"
"796","P38","arm 2","robot",0.0138243058895115,"low",19,"m",-1,1,-4,-2,-3,"MEDIUM"
"797","P38","brown toy","human",0.216949969861362,"low",19,"m",-1,1,-4,-2,-3,"MEDIUM"
"798","P38","brown toy","robot",0.30702519379845,"low",19,"m",-1,1,-4,-2,-3,"MEDIUM"
"799","P38","green toy","human",0,"low",19,"m",-1,1,-4,-2,-3,"MEDIUM"
"800","P38","green toy","robot",0.0188621991024072,"low",19,"m",-1,1,-4,-2,-3,"MEDIUM"
"801","P38","hand 1","human",0.00593047728970059,"low",19,"m",-1,1,-4,-2,-3,"MEDIUM"
"802","P38","hand 1","robot",0.0656571108908365,"low",19,"m",-1,1,-4,-2,-3,"MEDIUM"
"803","P38","hand 2","human",0.00917747301242447,"low",19,"m",-1,1,-4,-2,-3,"MEDIUM"
"804","P38","hand 2","robot",0.031357404335921,"low",19,"m",-1,1,-4,-2,-3,"MEDIUM"
"805","P38","head","human",0.120933193020572,"low",19,"m",-1,1,-4,-2,-3,"MEDIUM"
"806","P38","head","robot",0.337450070171651,"low",19,"m",-1,1,-4,-2,-3,"MEDIUM"
"807","P38","leg 1","human",0.0381152827754769,"low",19,"m",-1,1,-4,-2,-3,"MEDIUM"
"808","P38","leg 1","robot",0.028766451081036,"low",19,"m",-1,1,-4,-2,-3,"MEDIUM"
"809","P38","leg 2","human",0.0342770510265962,"low",19,"m",-1,1,-4,-2,-3,"MEDIUM"
"810","P38","leg 2","robot",0.122668878136869,"low",19,"m",-1,1,-4,-2,-3,"MEDIUM"
"811","P38","speaker 1","human",0.0576236761932395,"low",19,"m",-1,1,-4,-2,-3,"MEDIUM"
"812","P38","speaker 1","robot",0.0326470036868087,"low",19,"m",-1,1,-4,-2,-3,"MEDIUM"
"813","P38","speaker 2","human",0.024945596982446,"low",19,"m",-1,1,-4,-2,-3,"MEDIUM"
"814","P38","speaker 2","robot",0.0184465412735112,"low",19,"m",-1,1,-4,-2,-3,"MEDIUM"
"815","P38","torso","human",0.240559440559441,"low",19,"m",-1,1,-4,-2,-3,"MEDIUM"
"816","P38","torso","robot",0.146616548732494,"low",19,"m",-1,1,-4,-2,-3,"MEDIUM"
"817","P39","arm 1","human",0.0150689116708534,"low",18,"m",1,1,-3,0,1,"MEDIUM"
"818","P39","arm 1","robot",0.00493851393128085,"low",18,"m",1,1,-3,0,1,"MEDIUM"
"819","P39","arm 2","human",0.00730192137959128,"low",18,"m",1,1,-3,0,1,"MEDIUM"
"820","P39","arm 2","robot",0.00529673284720246,"low",18,"m",1,1,-3,0,1,"MEDIUM"
"821","P39","brown toy","human",0.117552742616034,"low",18,"m",1,1,-3,0,1,"MEDIUM"
"822","P39","brown toy","robot",0.173844859241126,"low",18,"m",1,1,-3,0,1,"MEDIUM"
"823","P39","green toy","human",0.000476190476190476,"low",18,"m",1,1,-3,0,1,"MEDIUM"
"824","P39","green toy","robot",0.00601540187678499,"low",18,"m",1,1,-3,0,1,"MEDIUM"
"825","P39","hand 1","human",0.0146004480955937,"low",18,"m",1,1,-3,0,1,"MEDIUM"
"826","P39","hand 1","robot",0.069734918002218,"low",18,"m",1,1,-3,0,1,"MEDIUM"
"827","P39","hand 2","human",0.0146530653812207,"low",18,"m",1,1,-3,0,1,"MEDIUM"
"828","P39","hand 2","robot",0.0478295859381901,"low",18,"m",1,1,-3,0,1,"MEDIUM"
"829","P39","head","human",0.168692715051938,"low",18,"m",1,1,-3,0,1,"MEDIUM"
"830","P39","head","robot",0.0976867890826651,"low",18,"m",1,1,-3,0,1,"MEDIUM"
"831","P39","leg 1","human",0.0258147192613212,"low",18,"m",1,1,-3,0,1,"MEDIUM"
"832","P39","leg 1","robot",0.104793263521537,"low",18,"m",1,1,-3,0,1,"MEDIUM"
"833","P39","leg 2","human",0.011854803777181,"low",18,"m",1,1,-3,0,1,"MEDIUM"
"834","P39","leg 2","robot",0.107734584318844,"low",18,"m",1,1,-3,0,1,"MEDIUM"
"835","P39","speaker 1","human",0.00143623966342666,"low",18,"m",1,1,-3,0,1,"MEDIUM"
"836","P39","speaker 1","robot",0.0910423045678935,"low",18,"m",1,1,-3,0,1,"MEDIUM"
"837","P39","speaker 2","human",0.000768895981430437,"low",18,"m",1,1,-3,0,1,"MEDIUM"
"838","P39","speaker 2","robot",0.0254795975754546,"low",18,"m",1,1,-3,0,1,"MEDIUM"
"839","P39","torso","human",0.291903727340621,"low",18,"m",1,1,-3,0,1,"MEDIUM"
"840","P39","torso","robot",0.294968251008411,"low",18,"m",1,1,-3,0,1,"MEDIUM"
"841","P40","arm 1","human",0.0046829384208025,"low",20,"m",-1,1,-6,-1,-7,"MEDIUM"
"842","P40","arm 1","robot",0.00157812607342997,"low",20,"m",-1,1,-6,-1,-7,"MEDIUM"
"843","P40","arm 2","human",0.00180086903387874,"low",20,"m",-1,1,-6,-1,-7,"MEDIUM"
"844","P40","arm 2","robot",0.00600531930554601,"low",20,"m",-1,1,-6,-1,-7,"MEDIUM"
"845","P40","brown toy","human",0.123188667872212,"low",20,"m",-1,1,-6,-1,-7,"MEDIUM"
"846","P40","brown toy","robot",0.240261627906977,"low",20,"m",-1,1,-6,-1,-7,"MEDIUM"
"847","P40","green toy","human",0,"low",20,"m",-1,1,-6,-1,-7,"MEDIUM"
"848","P40","green toy","robot",0,"low",20,"m",-1,1,-6,-1,-7,"MEDIUM"
"849","P40","hand 1","human",0.0127741190847987,"low",20,"m",-1,1,-6,-1,-7,"MEDIUM"
"850","P40","hand 1","robot",0.0315556515167872,"low",20,"m",-1,1,-6,-1,-7,"MEDIUM"
"851","P40","hand 2","human",0.00294317333152285,"low",20,"m",-1,1,-6,-1,-7,"MEDIUM"
"852","P40","hand 2","robot",0.0158538859391715,"low",20,"m",-1,1,-6,-1,-7,"MEDIUM"
"853","P40","head","human",0.0264121800529568,"low",20,"m",-1,1,-6,-1,-7,"MEDIUM"
"854","P40","head","robot",0.195739648454752,"low",20,"m",-1,1,-6,-1,-7,"MEDIUM"
"855","P40","leg 1","human",0.0415388010048204,"low",20,"m",-1,1,-6,-1,-7,"MEDIUM"
"856","P40","leg 1","robot",0.0703227895930044,"low",20,"m",-1,1,-6,-1,-7,"MEDIUM"
"857","P40","leg 2","human",0.00963354413930521,"low",20,"m",-1,1,-6,-1,-7,"MEDIUM"
"858","P40","leg 2","robot",0.0469080309736685,"low",20,"m",-1,1,-6,-1,-7,"MEDIUM"
"859","P40","speaker 1","human",0.221296967938488,"low",20,"m",-1,1,-6,-1,-7,"MEDIUM"
"860","P40","speaker 1","robot",0.0577391739048928,"low",20,"m",-1,1,-6,-1,-7,"MEDIUM"
"861","P40","speaker 2","human",0.020013056724213,"low",20,"m",-1,1,-6,-1,-7,"MEDIUM"
"862","P40","speaker 2","robot",0.0389708179716303,"low",20,"m",-1,1,-6,-1,-7,"MEDIUM"
"863","P40","torso","human",0.555312648516532,"low",20,"m",-1,1,-6,-1,-7,"MEDIUM"
"864","P40","torso","robot",0.383175488011934,"low",20,"m",-1,1,-6,-1,-7,"MEDIUM"
